dropout_rate,matched_noise_std,performance_level,in_valid_range,model,prompt_turns,experiment.sentences_file,dropout_se,sentence_label
0.07,0.04570921106452415,-1.5143873195648194,True,olmo3_32b,localization_introspective_prefilled_2_letters,data/sentences/11tok.txt,0.05046992138814866,11tok
0.09,0.05254041812332781,-1.48307808303833,True,olmo3_32b,localization_introspective_prefilled_2_letters,data/sentences/11tok.txt,0.04974755948688106,11tok
0.11,0.059039735696019904,-1.4489564723968507,True,olmo3_32b,localization_introspective_prefilled_2_letters,data/sentences/11tok.txt,0.04913147205538567,11tok
0.13,0.0664069418603518,-1.4058925685882568,True,olmo3_32b,localization_introspective_prefilled_2_letters,data/sentences/11tok.txt,0.048489402583580005,11tok
0.15,0.07251200155944669,-1.3669874095916748,True,olmo3_32b,localization_introspective_prefilled_2_letters,data/sentences/11tok.txt,0.04756302045929313,11tok
0.17,0.07816046104453661,-1.33005788230896,True,olmo3_32b,localization_introspective_prefilled_2_letters,data/sentences/11tok.txt,0.046917017501978166,11tok
0.19,0.08417420105675202,-1.2899572525024414,True,olmo3_32b,localization_introspective_prefilled_2_letters,data/sentences/11tok.txt,0.046257879189158344,11tok
0.21,0.09136035306270567,-1.2419341735839844,True,olmo3_32b,localization_introspective_prefilled_2_letters,data/sentences/11tok.txt,0.04495416136062702,11tok
0.23,0.10030809336917354,-1.1819653511047363,True,olmo3_32b,localization_introspective_prefilled_2_letters,data/sentences/11tok.txt,0.04355842667879251,11tok
0.25,0.10895214480273263,-1.1223707695007323,True,olmo3_32b,localization_introspective_prefilled_2_letters,data/sentences/11tok.txt,0.04204307061605454,11tok
0.27,0.12002430524273472,-1.0528997955322266,True,olmo3_32b,localization_introspective_prefilled_2_letters,data/sentences/11tok.txt,0.04065567537993104,11tok
0.29,0.1304889878384643,-0.9886816577911377,True,olmo3_32b,localization_introspective_prefilled_2_letters,data/sentences/11tok.txt,0.03908446864390732,11tok
0.31,0.1413044423704867,-0.9204751644134521,True,olmo3_32b,localization_introspective_prefilled_2_letters,data/sentences/11tok.txt,0.03731296854358517,11tok
0.33,0.14970648881442128,-0.8670298900604249,True,olmo3_32b,localization_introspective_prefilled_2_letters,data/sentences/11tok.txt,0.03631256500114389,11tok
0.35,0.15992064577803228,-0.808591453552246,True,olmo3_32b,localization_introspective_prefilled_2_letters,data/sentences/11tok.txt,0.03515004458345532,11tok
0.37,0.16846545282719924,-0.7618770389556885,True,olmo3_32b,localization_introspective_prefilled_2_letters,data/sentences/11tok.txt,0.03456452426426972,11tok
0.39,0.1817191992159219,-0.6983255023956298,True,olmo3_32b,localization_introspective_prefilled_2_letters,data/sentences/11tok.txt,0.03245398698299864,11tok
0.41,0.1958995422806954,-0.6451980018615723,True,olmo3_32b,localization_introspective_prefilled_2_letters,data/sentences/11tok.txt,0.030920062740617503,11tok
0.43,0.22706958904004126,-0.5735159816741944,True,olmo3_32b,localization_introspective_prefilled_2_letters,data/sentences/11tok.txt,0.02883884397130742,11tok
0.07,0.04090383322686815,-1.4291415710449218,True,olmo3_32b,localization_introspective_prefilled_2_letters,data/sentences/15tok.txt,0.04615544096449808,15tok
0.09,0.04967187971606715,-1.3934233169555663,True,olmo3_32b,localization_introspective_prefilled_2_letters,data/sentences/15tok.txt,0.04511734828065625,15tok
0.11,0.05802260838073057,-1.351372808456421,True,olmo3_32b,localization_introspective_prefilled_2_letters,data/sentences/15tok.txt,0.04420600834448426,15tok
0.13,0.06515338788632741,-1.3128505764007568,True,olmo3_32b,localization_introspective_prefilled_2_letters,data/sentences/15tok.txt,0.04318010379191218,15tok
0.15,0.0734170382789787,-1.2636435279846192,True,olmo3_32b,localization_introspective_prefilled_2_letters,data/sentences/15tok.txt,0.042236790723160424,15tok
0.17,0.07869895289401044,-1.2307684497833251,True,olmo3_32b,localization_introspective_prefilled_2_letters,data/sentences/15tok.txt,0.041826445536647903,15tok
0.19,0.08653128211964027,-1.1811162414550782,True,olmo3_32b,localization_introspective_prefilled_2_letters,data/sentences/15tok.txt,0.040817973158927184,15tok
0.21,0.09320201984342652,-1.1359949073791504,True,olmo3_32b,localization_introspective_prefilled_2_letters,data/sentences/15tok.txt,0.039845703930372754,15tok
0.23,0.10329585966135166,-1.0670553245544434,True,olmo3_32b,localization_introspective_prefilled_2_letters,data/sentences/15tok.txt,0.03844892291362976,15tok
0.25,0.1120287157411191,-1.0075254783630372,True,olmo3_32b,localization_introspective_prefilled_2_letters,data/sentences/15tok.txt,0.03761940741899404,15tok
0.27,0.11989752888323334,-0.9519093112945557,True,olmo3_32b,localization_introspective_prefilled_2_letters,data/sentences/15tok.txt,0.03674514554226382,15tok
0.29,0.12756702090815084,-0.8976921081542969,True,olmo3_32b,localization_introspective_prefilled_2_letters,data/sentences/15tok.txt,0.03569196551196677,15tok
0.31,0.1365991015277267,-0.8341067581176758,True,olmo3_32b,localization_introspective_prefilled_2_letters,data/sentences/15tok.txt,0.034285804997017076,15tok
0.33,0.1462406801511938,-0.7703997344970703,True,olmo3_32b,localization_introspective_prefilled_2_letters,data/sentences/15tok.txt,0.032688935701431596,15tok
0.35,0.15619082074419915,-0.7074694271087647,True,olmo3_32b,localization_introspective_prefilled_2_letters,data/sentences/15tok.txt,0.03060256327300898,15tok
0.37,0.1656643639561179,-0.6518024616241455,True,olmo3_32b,localization_introspective_prefilled_2_letters,data/sentences/15tok.txt,0.02984563402935645,15tok
0.39,0.1790255316473824,-0.5843282871246338,True,olmo3_32b,localization_introspective_prefilled_2_letters,data/sentences/15tok.txt,0.027872920116444825,15tok
0.41,0.1958058265755402,-0.5146778717041015,True,olmo3_32b,localization_introspective_prefilled_2_letters,data/sentences/15tok.txt,0.02627524852855206,15tok
0.43,0.21692345500282567,-0.45365093421936037,True,olmo3_32b,localization_introspective_prefilled_2_letters,data/sentences/15tok.txt,0.02387845320258851,15tok
0.07,0.04620607841339439,-1.3778010063171386,True,olmo3_32b,localization_introspective_prefilled_2_letters,data/sentences/19tok.txt,0.04610373233784263,19tok
0.09,0.053981484079076554,-1.3362130451202392,True,olmo3_32b,localization_introspective_prefilled_2_letters,data/sentences/19tok.txt,0.04566299134878634,19tok
0.11,0.05991808619382333,-1.3018246097564696,True,olmo3_32b,localization_introspective_prefilled_2_letters,data/sentences/19tok.txt,0.0452992702439852,19tok
0.13,0.06766932595166264,-1.2545951919555665,True,olmo3_32b,localization_introspective_prefilled_2_letters,data/sentences/19tok.txt,0.04449139782692939,19tok
0.15,0.0754482873231803,-1.2059221286773683,True,olmo3_32b,localization_introspective_prefilled_2_letters,data/sentences/19tok.txt,0.04345328193885236,19tok
0.17,0.08388958327144289,-1.15120493888855,True,olmo3_32b,localization_introspective_prefilled_2_letters,data/sentences/19tok.txt,0.04239736779749868,19tok
0.19,0.09145414248029214,-1.1014883117675782,True,olmo3_32b,localization_introspective_prefilled_2_letters,data/sentences/19tok.txt,0.04130132917256101,19tok
0.21,0.09870818809776433,-1.0532148685455323,True,olmo3_32b,localization_introspective_prefilled_2_letters,data/sentences/19tok.txt,0.04020331219323121,19tok
0.23,0.10576706217894809,-1.0054860382080077,True,olmo3_32b,localization_introspective_prefilled_2_letters,data/sentences/19tok.txt,0.039130975736761345,19tok
0.25,0.11398579749977995,-0.9490178260803223,True,olmo3_32b,localization_introspective_prefilled_2_letters,data/sentences/19tok.txt,0.037797014220887465,19tok
0.27,0.12184596341671479,-0.8919784984588623,True,olmo3_32b,localization_introspective_prefilled_2_letters,data/sentences/19tok.txt,0.0368226195844208,19tok
0.29,0.12998177386787046,-0.8328602237701416,True,olmo3_32b,localization_introspective_prefilled_2_letters,data/sentences/19tok.txt,0.03564209358319623,19tok
0.31,0.13781829604758392,-0.7759367313385009,True,olmo3_32b,localization_introspective_prefilled_2_letters,data/sentences/19tok.txt,0.03385216330010068,19tok
0.33,0.1473760379987849,-0.7084693431854248,True,olmo3_32b,localization_introspective_prefilled_2_letters,data/sentences/19tok.txt,0.032221656241138374,19tok
0.35,0.1570154976600158,-0.6467130317687988,True,olmo3_32b,localization_introspective_prefilled_2_letters,data/sentences/19tok.txt,0.030422468409970878,19tok
0.37,0.16986805073656314,-0.5733662948608399,True,olmo3_32b,localization_introspective_prefilled_2_letters,data/sentences/19tok.txt,0.02798214052397473,19tok
0.39,0.18226048945921014,-0.5128097476959228,True,olmo3_32b,localization_introspective_prefilled_2_letters,data/sentences/19tok.txt,0.0268728423213586,19tok
0.41,0.1949099881074038,-0.4621633358001709,True,olmo3_32b,localization_introspective_prefilled_2_letters,data/sentences/19tok.txt,0.025360916698216544,19tok
0.43,0.20761638204808522,-0.42187765312194825,True,olmo3_32b,localization_introspective_prefilled_2_letters,data/sentences/19tok.txt,0.02369622849055413,19tok
0.45,0.23542985178867587,-0.3708013572692871,True,olmo3_32b,localization_introspective_prefilled_2_letters,data/sentences/19tok.txt,0.0216042678514509,19tok
0.05,0.04079261603655848,-1.543611385345459,True,olmo3_32b,localization_introspective_prefilled_2_letters,data/sentences/23tok.txt,0.0512278539561593,23tok
0.07,0.04893939015849633,-1.5052532386779784,True,olmo3_32b,localization_introspective_prefilled_2_letters,data/sentences/23tok.txt,0.050602268475131156,23tok
0.09,0.05643669892906614,-1.4606001415252685,True,olmo3_32b,localization_introspective_prefilled_2_letters,data/sentences/23tok.txt,0.05001078873225458,23tok
0.11,0.06464022768861696,-1.4095113887786865,True,olmo3_32b,localization_introspective_prefilled_2_letters,data/sentences/23tok.txt,0.04904733825144078,23tok
0.13,0.07147593520149458,-1.3656586551666259,True,olmo3_32b,localization_introspective_prefilled_2_letters,data/sentences/23tok.txt,0.04817108927671522,23tok
0.15,0.07877910746641698,-1.3164917888641356,True,olmo3_32b,localization_introspective_prefilled_2_letters,data/sentences/23tok.txt,0.04723498054936041,23tok
0.17,0.08708227806835137,-1.2581380672454834,True,olmo3_32b,localization_introspective_prefilled_2_letters,data/sentences/23tok.txt,0.04617972627188516,23tok
0.19,0.09375157597332659,-1.207328016281128,True,olmo3_32b,localization_introspective_prefilled_2_letters,data/sentences/23tok.txt,0.045111344248452555,23tok
0.21,0.10029885888511822,-1.1570543746948243,True,olmo3_32b,localization_introspective_prefilled_2_letters,data/sentences/23tok.txt,0.04396261616894209,23tok
0.23,0.10707859879891458,-1.1020778541564942,True,olmo3_32b,localization_introspective_prefilled_2_letters,data/sentences/23tok.txt,0.04269594443545056,23tok
0.25,0.11526806103777315,-1.0345774421691893,True,olmo3_32b,localization_introspective_prefilled_2_letters,data/sentences/23tok.txt,0.041611530467472256,23tok
0.27,0.12249318156431724,-0.9731376514434814,True,olmo3_32b,localization_introspective_prefilled_2_letters,data/sentences/23tok.txt,0.040583040460751965,23tok
0.29,0.131861275446443,-0.8948378448486328,True,olmo3_32b,localization_introspective_prefilled_2_letters,data/sentences/23tok.txt,0.03848102943478079,23tok
0.31,0.14007379224330635,-0.8266596221923828,True,olmo3_32b,localization_introspective_prefilled_2_letters,data/sentences/23tok.txt,0.03684327269424765,23tok
0.33,0.14832827757049064,-0.7581914348602294,True,olmo3_32b,localization_introspective_prefilled_2_letters,data/sentences/23tok.txt,0.03502164142239766,23tok
0.35,0.15779710284602513,-0.6873659439086914,True,olmo3_32b,localization_introspective_prefilled_2_letters,data/sentences/23tok.txt,0.03250061697658431,23tok
0.37,0.16836872036961273,-0.615396141052246,True,olmo3_32b,localization_introspective_prefilled_2_letters,data/sentences/23tok.txt,0.031348131026619694,23tok
0.39,0.1800186883735529,-0.5464178161621094,True,olmo3_32b,localization_introspective_prefilled_2_letters,data/sentences/23tok.txt,0.02944930929483198,23tok
0.41,0.19451059749234112,-0.4801153392791748,True,olmo3_32b,localization_introspective_prefilled_2_letters,data/sentences/23tok.txt,0.027405498346479238,23tok
0.43,0.22784994341628648,-0.40665599060058594,True,olmo3_32b,localization_introspective_prefilled_2_letters,data/sentences/23tok.txt,0.024763953629834856,23tok
0.09,0.03951418773144762,-1.259722303390503,True,olmo3_32b,localization_introspective_prefilled_2_letters,data/sentences/3tok.txt,0.03873287457951532,3tok
0.11,0.044920886642400085,-1.244051836013794,True,olmo3_32b,localization_introspective_prefilled_2_letters,data/sentences/3tok.txt,0.03809642029092122,3tok
0.13,0.050226513246103686,-1.2286038703918456,True,olmo3_32b,localization_introspective_prefilled_2_letters,data/sentences/3tok.txt,0.03802122882514023,3tok
0.15,0.054607679863640256,-1.2145433044433593,True,olmo3_32b,localization_introspective_prefilled_2_letters,data/sentences/3tok.txt,0.03790668940875514,3tok
0.17,0.06021500016640836,-1.1965476188659667,True,olmo3_32b,localization_introspective_prefilled_2_letters,data/sentences/3tok.txt,0.03728803188066185,3tok
0.19,0.06155331307113716,-1.1922525444030763,True,olmo3_32b,localization_introspective_prefilled_2_letters,data/sentences/3tok.txt,0.03750231587886024,3tok
0.21,0.06879202101151666,-1.170101167678833,True,olmo3_32b,localization_introspective_prefilled_2_letters,data/sentences/3tok.txt,0.03666435509173537,3tok
0.23,0.07466588261686444,-1.1522582473754883,True,olmo3_32b,localization_introspective_prefilled_2_letters,data/sentences/3tok.txt,0.03622532624565616,3tok
0.25,0.08065186902453163,-1.1333053874969483,True,olmo3_32b,localization_introspective_prefilled_2_letters,data/sentences/3tok.txt,0.03583115822391698,3tok
0.27,0.08826624775651135,-1.1095539073944092,True,olmo3_32b,localization_introspective_prefilled_2_letters,data/sentences/3tok.txt,0.03533171411386538,3tok
0.29,0.09743724173793265,-1.0854146690368653,True,olmo3_32b,localization_introspective_prefilled_2_letters,data/sentences/3tok.txt,0.034673039785282606,3tok
0.31,0.10422333691111936,-1.0688082008361817,True,olmo3_32b,localization_introspective_prefilled_2_letters,data/sentences/3tok.txt,0.03410387898913952,3tok
0.33,0.1079524795991695,-1.0601011238098144,True,olmo3_32b,localization_introspective_prefilled_2_letters,data/sentences/3tok.txt,0.034461226061530764,3tok
0.35,0.1268300391899104,-1.0254948024749755,True,olmo3_32b,localization_introspective_prefilled_2_letters,data/sentences/3tok.txt,0.033591175198300405,3tok
0.37,0.14477095697329379,-1.0009063358306884,True,olmo3_32b,localization_introspective_prefilled_2_letters,data/sentences/3tok.txt,0.03279777581140691,3tok
0.39,0.1662567306471716,-0.9784802856445313,True,olmo3_32b,localization_introspective_prefilled_2_letters,data/sentences/3tok.txt,0.0321179646859863,3tok
0.41,0.20793169888408822,-0.9468713417053223,True,olmo3_32b,localization_introspective_prefilled_2_letters,data/sentences/3tok.txt,0.03153414968489766,3tok
0.43,0.2246868550477012,-0.9340911617279053,True,olmo3_32b,localization_introspective_prefilled_2_letters,data/sentences/3tok.txt,0.031642086229539734,3tok
0.45,0.2647365354173284,-0.9063662910461425,True,olmo3_32b,localization_introspective_prefilled_2_letters,data/sentences/3tok.txt,0.03069759584563114,3tok
0.47,0.29286587855414564,-0.889595718383789,True,olmo3_32b,localization_introspective_prefilled_2_letters,data/sentences/3tok.txt,0.029697332669242252,3tok
0.49,0.32950726393252305,-0.8723382053375244,True,olmo3_32b,localization_introspective_prefilled_2_letters,data/sentences/3tok.txt,0.029262415270629106,3tok
0.07,0.041920075080362544,-1.4238043270111085,True,olmo3_32b,localization_introspective_prefilled_2_letters,data/sentences/7tok.txt,0.04727907044991711,7tok
0.09,0.0494255772520828,-1.3971852016448976,True,olmo3_32b,localization_introspective_prefilled_2_letters,data/sentences/7tok.txt,0.046528993401617334,7tok
0.11,0.05442002735158743,-1.3771158504486083,True,olmo3_32b,localization_introspective_prefilled_2_letters,data/sentences/7tok.txt,0.04640459669377894,7tok
0.13,0.059744380306901976,-1.355394437789917,True,olmo3_32b,localization_introspective_prefilled_2_letters,data/sentences/7tok.txt,0.04594790881552159,7tok
0.15,0.06670020097340433,-1.3238862419128419,True,olmo3_32b,localization_introspective_prefilled_2_letters,data/sentences/7tok.txt,0.045078952914748296,7tok
0.17,0.07394059430331744,-1.2889508171081543,True,olmo3_32b,localization_introspective_prefilled_2_letters,data/sentences/7tok.txt,0.04448651695170997,7tok
0.19,0.0802402452154032,-1.258789068222046,True,olmo3_32b,localization_introspective_prefilled_2_letters,data/sentences/7tok.txt,0.044003376399689854,7tok
0.21,0.08847942183699758,-1.2193759174346923,True,olmo3_32b,localization_introspective_prefilled_2_letters,data/sentences/7tok.txt,0.0433231485396299,7tok
0.23,0.09541370633936061,-1.1860347938537599,True,olmo3_32b,localization_introspective_prefilled_2_letters,data/sentences/7tok.txt,0.04294419363648775,7tok
0.25,0.1042298451628802,-1.1457754364013673,True,olmo3_32b,localization_introspective_prefilled_2_letters,data/sentences/7tok.txt,0.042340646839526964,7tok
0.27,0.11428449809378856,-1.1022261447906494,True,olmo3_32b,localization_introspective_prefilled_2_letters,data/sentences/7tok.txt,0.041495570233885566,7tok
0.29,0.12320107965841814,-1.062504056930542,True,olmo3_32b,localization_introspective_prefilled_2_letters,data/sentences/7tok.txt,0.0407024945750411,7tok
0.31,0.135324682288109,-1.0127381839752196,True,olmo3_32b,localization_introspective_prefilled_2_letters,data/sentences/7tok.txt,0.03979345405727424,7tok
0.33,0.14242291250310543,-0.985714807510376,True,olmo3_32b,localization_introspective_prefilled_2_letters,data/sentences/7tok.txt,0.03959133735667324,7tok
0.35,0.15263202946573037,-0.9487996139526367,True,olmo3_32b,localization_introspective_prefilled_2_letters,data/sentences/7tok.txt,0.038388763529330905,7tok
0.37,0.16292187399229022,-0.9144374103546142,True,olmo3_32b,localization_introspective_prefilled_2_letters,data/sentences/7tok.txt,0.03713773648102695,7tok
0.39,0.1802734383087629,-0.8680636787414551,True,olmo3_32b,localization_introspective_prefilled_2_letters,data/sentences/7tok.txt,0.03556015553786032,7tok
0.41,0.20067780941031058,-0.8181560821533204,True,olmo3_32b,localization_introspective_prefilled_2_letters,data/sentences/7tok.txt,0.034437140296697026,7tok
0.43,0.22210490831023957,-0.7743704299926758,True,olmo3_32b,localization_introspective_prefilled_2_letters,data/sentences/7tok.txt,0.03371192980223993,7tok
0.45,0.2531110924327964,-0.7286993789672852,True,olmo3_32b,localization_introspective_prefilled_2_letters,data/sentences/7tok.txt,0.03268111423597592,7tok
0.47,0.2865300908594119,-0.6932475414276124,True,olmo3_32b,localization_introspective_prefilled_2_letters,data/sentences/7tok.txt,0.03117033053602467,7tok
0.11,0.06832925233201008,-2.097317680358887,True,olmo3_32b,localization_minimal_prefilled_2_letters,data/sentences/11tok.txt,0.06586439766825869,11tok
0.13,0.07532606577419225,-2.0591306743621827,True,olmo3_32b,localization_minimal_prefilled_2_letters,data/sentences/11tok.txt,0.06553375214393317,11tok
0.15,0.08269987650661531,-2.013709363937378,True,olmo3_32b,localization_minimal_prefilled_2_letters,data/sentences/11tok.txt,0.06439010056714263,11tok
0.17,0.08867119487960136,-1.975547513961792,True,olmo3_32b,localization_minimal_prefilled_2_letters,data/sentences/11tok.txt,0.06387626149490819,11tok
0.19,0.09484989128055131,-1.9302095642089845,True,olmo3_32b,localization_minimal_prefilled_2_letters,data/sentences/11tok.txt,0.06314908190708043,11tok
0.21,0.10272108141826015,-1.8702605323791504,True,olmo3_32b,localization_minimal_prefilled_2_letters,data/sentences/11tok.txt,0.06220848920146082,11tok
0.23,0.10980120695775647,-1.8126048011779785,True,olmo3_32b,localization_minimal_prefilled_2_letters,data/sentences/11tok.txt,0.06100518143389399,11tok
0.25,0.11844103187084717,-1.7358522663116456,True,olmo3_32b,localization_minimal_prefilled_2_letters,data/sentences/11tok.txt,0.059649017879950174,11tok
0.27,0.12620589122180922,-1.663177782058716,True,olmo3_32b,localization_minimal_prefilled_2_letters,data/sentences/11tok.txt,0.05882530009010356,11tok
0.29,0.13431100678251254,-1.5811661796569825,True,olmo3_32b,localization_minimal_prefilled_2_letters,data/sentences/11tok.txt,0.057537256550468395,11tok
0.31,0.14395238961660084,-1.4826114139556885,True,olmo3_32b,localization_minimal_prefilled_2_letters,data/sentences/11tok.txt,0.055497333052483146,11tok
0.33,0.15013614474744624,-1.4189719505310059,True,olmo3_32b,localization_minimal_prefilled_2_letters,data/sentences/11tok.txt,0.05500934700509907,11tok
0.35,0.15861462650256689,-1.324878921508789,True,olmo3_32b,localization_minimal_prefilled_2_letters,data/sentences/11tok.txt,0.05308013715824641,11tok
0.37,0.16653121507738386,-1.2361264743804932,True,olmo3_32b,localization_minimal_prefilled_2_letters,data/sentences/11tok.txt,0.05192439018476689,11tok
0.39,0.17575691272610522,-1.1317592544555664,True,olmo3_32b,localization_minimal_prefilled_2_letters,data/sentences/11tok.txt,0.04873606495608134,11tok
0.41,0.18387849435962056,-1.040543478012085,True,olmo3_32b,localization_minimal_prefilled_2_letters,data/sentences/11tok.txt,0.046510578746931236,11tok
0.43,0.1930857566484175,-0.9418634929656983,True,olmo3_32b,localization_minimal_prefilled_2_letters,data/sentences/11tok.txt,0.044229303607647825,11tok
0.45,0.20327795406327703,-0.8411597900390625,True,olmo3_32b,localization_minimal_prefilled_2_letters,data/sentences/11tok.txt,0.04167124464525779,11tok
0.47,0.21452393784181384,-0.7452488403320312,True,olmo3_32b,localization_minimal_prefilled_2_letters,data/sentences/11tok.txt,0.03801186508487434,11tok
0.49,0.22736477964660345,-0.6555389957427978,True,olmo3_32b,localization_minimal_prefilled_2_letters,data/sentences/11tok.txt,0.03517445702131211,11tok
0.51,0.2418626775862204,-0.5734125061035156,True,olmo3_32b,localization_minimal_prefilled_2_letters,data/sentences/11tok.txt,0.031961678571779895,11tok
0.53,0.25913989958118644,-0.49800806617736815,True,olmo3_32b,localization_minimal_prefilled_2_letters,data/sentences/11tok.txt,0.029211197447633667,11tok
0.55,0.2758515742266063,-0.444234037399292,True,olmo3_32b,localization_minimal_prefilled_2_letters,data/sentences/11tok.txt,0.02732452881125664,11tok
0.57,0.3030124858095205,-0.3902364902496338,True,olmo3_32b,localization_minimal_prefilled_2_letters,data/sentences/11tok.txt,0.024943107296890775,11tok
0.59,0.34704137112446654,-0.34323868751525877,True,olmo3_32b,localization_minimal_prefilled_2_letters,data/sentences/11tok.txt,0.023659182906662593,11tok
0.11,0.06594081596144788,-2.0580409660339356,True,olmo3_32b,localization_minimal_prefilled_2_letters,data/sentences/15tok.txt,0.061825384646995454,15tok
0.13,0.07417492221569812,-2.0039254512786866,True,olmo3_32b,localization_minimal_prefilled_2_letters,data/sentences/15tok.txt,0.06086925820092442,15tok
0.15,0.08043817149044054,-1.958651165008545,True,olmo3_32b,localization_minimal_prefilled_2_letters,data/sentences/15tok.txt,0.06049642244417932,15tok
0.17,0.08837422179442175,-1.8988810272216796,True,olmo3_32b,localization_minimal_prefilled_2_letters,data/sentences/15tok.txt,0.05966084325818578,15tok
0.19,0.09362185394289581,-1.850740243911743,True,olmo3_32b,localization_minimal_prefilled_2_letters,data/sentences/15tok.txt,0.058949508345347415,15tok
0.21,0.10100767419499312,-1.7818736419677734,True,olmo3_32b,localization_minimal_prefilled_2_letters,data/sentences/15tok.txt,0.05759540699144348,15tok
0.23,0.1089620151188215,-1.7001361122131349,True,olmo3_32b,localization_minimal_prefilled_2_letters,data/sentences/15tok.txt,0.056151882287431794,15tok
0.25,0.1163663969946282,-1.6195635070800782,True,olmo3_32b,localization_minimal_prefilled_2_letters,data/sentences/15tok.txt,0.05516626400003354,15tok
0.27,0.1226375395976832,-1.5478455448150634,True,olmo3_32b,localization_minimal_prefilled_2_letters,data/sentences/15tok.txt,0.05447746910526486,15tok
0.29,0.12886011256222032,-1.4721109752655028,True,olmo3_32b,localization_minimal_prefilled_2_letters,data/sentences/15tok.txt,0.05360858167723723,15tok
0.31,0.13799876570621133,-1.3565455780029296,True,olmo3_32b,localization_minimal_prefilled_2_letters,data/sentences/15tok.txt,0.05103306397932958,15tok
0.33,0.14578468710519774,-1.2546937007904053,True,olmo3_32b,localization_minimal_prefilled_2_letters,data/sentences/15tok.txt,0.049390967085929605,15tok
0.35,0.15443912900616658,-1.1446068592071532,True,olmo3_32b,localization_minimal_prefilled_2_letters,data/sentences/15tok.txt,0.04750652451437328,15tok
0.37,0.1627243842856241,-1.0421546077728272,True,olmo3_32b,localization_minimal_prefilled_2_letters,data/sentences/15tok.txt,0.04534151894137191,15tok
0.39,0.17283669900476892,-0.9213235149383545,True,olmo3_32b,localization_minimal_prefilled_2_letters,data/sentences/15tok.txt,0.042888053225913166,15tok
0.41,0.1832878178927005,-0.801496374130249,True,olmo3_32b,localization_minimal_prefilled_2_letters,data/sentences/15tok.txt,0.03978225045043875,15tok
0.43,0.19125285613245793,-0.717787670135498,True,olmo3_32b,localization_minimal_prefilled_2_letters,data/sentences/15tok.txt,0.03794517525733623,15tok
0.45,0.20085942865827508,-0.6269754467010498,True,olmo3_32b,localization_minimal_prefilled_2_letters,data/sentences/15tok.txt,0.034780108782159334,15tok
0.47,0.2128954114746224,-0.5291394004821778,True,olmo3_32b,localization_minimal_prefilled_2_letters,data/sentences/15tok.txt,0.031747922274760844,15tok
0.49,0.22660583151737607,-0.4413309135437012,True,olmo3_32b,localization_minimal_prefilled_2_letters,data/sentences/15tok.txt,0.028135703414079442,15tok
0.51,0.2437868227347413,-0.3629445858001709,True,olmo3_32b,localization_minimal_prefilled_2_letters,data/sentences/15tok.txt,0.025199796782481347,15tok
0.53,0.25852572995631756,-0.31451800727844237,True,olmo3_32b,localization_minimal_prefilled_2_letters,data/sentences/15tok.txt,0.023525987450762786,15tok
0.55,0.2819731472196157,-0.2630356845855713,True,olmo3_32b,localization_minimal_prefilled_2_letters,data/sentences/15tok.txt,0.021424919915541983,15tok
0.57,0.3081283429747994,-0.23215137481689452,True,olmo3_32b,localization_minimal_prefilled_2_letters,data/sentences/15tok.txt,0.02065337139121599,15tok
0.59,0.3719099082591994,-0.2073412742614746,True,olmo3_32b,localization_minimal_prefilled_2_letters,data/sentences/15tok.txt,0.01906899195259784,15tok
0.09,0.06521474892240417,-2.011514446258545,True,olmo3_32b,localization_minimal_prefilled_2_letters,data/sentences/19tok.txt,0.06371712605257639,19tok
0.11,0.07181961938394713,-1.9694840049743652,True,olmo3_32b,localization_minimal_prefilled_2_letters,data/sentences/19tok.txt,0.06270831238437233,19tok
0.13,0.07963213879411488,-1.9099613704681397,True,olmo3_32b,localization_minimal_prefilled_2_letters,data/sentences/19tok.txt,0.06165835802798394,19tok
0.15,0.08681186834951463,-1.8490717182159424,True,olmo3_32b,localization_minimal_prefilled_2_letters,data/sentences/19tok.txt,0.0600835098565628,19tok
0.17,0.09299182685974292,-1.7875820083618164,True,olmo3_32b,localization_minimal_prefilled_2_letters,data/sentences/19tok.txt,0.059214272248018826,19tok
0.19,0.09992891025464104,-1.7172820491790772,True,olmo3_32b,localization_minimal_prefilled_2_letters,data/sentences/19tok.txt,0.05771909797309471,19tok
0.21,0.10573750149700356,-1.6500898590087891,True,olmo3_32b,localization_minimal_prefilled_2_letters,data/sentences/19tok.txt,0.056838260540123704,19tok
0.23,0.11141982031136806,-1.5842574062347412,True,olmo3_32b,localization_minimal_prefilled_2_letters,data/sentences/19tok.txt,0.055366889331785865,19tok
0.25,0.11725477821387884,-1.5157024154663086,True,olmo3_32b,localization_minimal_prefilled_2_letters,data/sentences/19tok.txt,0.05410369590590064,19tok
0.27,0.12434238165093577,-1.4321667842864991,True,olmo3_32b,localization_minimal_prefilled_2_letters,data/sentences/19tok.txt,0.0525822254643728,19tok
0.29,0.13114107092326474,-1.350470817565918,True,olmo3_32b,localization_minimal_prefilled_2_letters,data/sentences/19tok.txt,0.05148178265275252,19tok
0.31,0.13862994500836123,-1.260032060623169,True,olmo3_32b,localization_minimal_prefilled_2_letters,data/sentences/19tok.txt,0.04969269962446935,19tok
0.33,0.1478125111059204,-1.1473139362335205,True,olmo3_32b,localization_minimal_prefilled_2_letters,data/sentences/19tok.txt,0.046839721005449905,19tok
0.35,0.15655895046385507,-1.0398164100646972,True,olmo3_32b,localization_minimal_prefilled_2_letters,data/sentences/19tok.txt,0.04409580312130964,19tok
0.37,0.1655586601027777,-0.9299961261749268,True,olmo3_32b,localization_minimal_prefilled_2_letters,data/sentences/19tok.txt,0.04190859678971012,19tok
0.39,0.17482843094605766,-0.8185522708892822,True,olmo3_32b,localization_minimal_prefilled_2_letters,data/sentences/19tok.txt,0.03925174009330087,19tok
0.41,0.1850263251131013,-0.7103764724731445,True,olmo3_32b,localization_minimal_prefilled_2_letters,data/sentences/19tok.txt,0.03622757786326781,19tok
0.43,0.19437742430713706,-0.6177802772521973,True,olmo3_32b,localization_minimal_prefilled_2_letters,data/sentences/19tok.txt,0.03328186538438447,19tok
0.45,0.20410652950693442,-0.5287183017730713,True,olmo3_32b,localization_minimal_prefilled_2_letters,data/sentences/19tok.txt,0.030760862745359833,19tok
0.47,0.21462320551682487,-0.44344097328186033,True,olmo3_32b,localization_minimal_prefilled_2_letters,data/sentences/19tok.txt,0.027435517677689123,19tok
0.49,0.2249575419149546,-0.37421799087524416,True,olmo3_32b,localization_minimal_prefilled_2_letters,data/sentences/19tok.txt,0.02489782154642348,19tok
0.51,0.2410429160097639,-0.2959042682647705,True,olmo3_32b,localization_minimal_prefilled_2_letters,data/sentences/19tok.txt,0.020864541045334736,19tok
0.53,0.2562505267112087,-0.24578119850158692,True,olmo3_32b,localization_minimal_prefilled_2_letters,data/sentences/19tok.txt,0.018243709347850422,19tok
0.55,0.2789099570556524,-0.1999493808746338,True,olmo3_32b,localization_minimal_prefilled_2_letters,data/sentences/19tok.txt,0.01564521584030119,19tok
0.57,0.3198359708249337,-0.17099299621582031,True,olmo3_32b,localization_minimal_prefilled_2_letters,data/sentences/19tok.txt,0.01345564150958807,19tok
0.07,0.05211009690287917,-2.038627048492432,True,olmo3_32b,localization_minimal_prefilled_2_letters,data/sentences/23tok.txt,0.062303006041318484,23tok
0.09,0.062375199872747276,-1.988190444946289,True,olmo3_32b,localization_minimal_prefilled_2_letters,data/sentences/23tok.txt,0.06132061769499881,23tok
0.11,0.06961796947830366,-1.9378635196685792,True,olmo3_32b,localization_minimal_prefilled_2_letters,data/sentences/23tok.txt,0.06032353723498432,23tok
0.13,0.07629424788826641,-1.8896176013946533,True,olmo3_32b,localization_minimal_prefilled_2_letters,data/sentences/23tok.txt,0.059614053771913686,23tok
0.15,0.08311795696157062,-1.8334333209991456,True,olmo3_32b,localization_minimal_prefilled_2_letters,data/sentences/23tok.txt,0.05880110214085052,23tok
0.17,0.09105929550413358,-1.763069179534912,True,olmo3_32b,localization_minimal_prefilled_2_letters,data/sentences/23tok.txt,0.057744604160153444,23tok
0.19,0.09692856654713539,-1.706535306930542,True,olmo3_32b,localization_minimal_prefilled_2_letters,data/sentences/23tok.txt,0.05702185630098845,23tok
0.21,0.10330180448441366,-1.6410701160430907,True,olmo3_32b,localization_minimal_prefilled_2_letters,data/sentences/23tok.txt,0.05570619184235635,23tok
0.23,0.11004809191569533,-1.5677584495544434,True,olmo3_32b,localization_minimal_prefilled_2_letters,data/sentences/23tok.txt,0.05410049386887497,23tok
0.25,0.11801592030187211,-1.4757361545562744,True,olmo3_32b,localization_minimal_prefilled_2_letters,data/sentences/23tok.txt,0.052502393452021935,23tok
0.27,0.1256493732436454,-1.3849744567871094,True,olmo3_32b,localization_minimal_prefilled_2_letters,data/sentences/23tok.txt,0.05058614670374958,23tok
0.29,0.13296088645581605,-1.2950930919647217,True,olmo3_32b,localization_minimal_prefilled_2_letters,data/sentences/23tok.txt,0.048708940625520954,23tok
0.31,0.141067730882048,-1.19514302444458,True,olmo3_32b,localization_minimal_prefilled_2_letters,data/sentences/23tok.txt,0.04676750732746215,23tok
0.33,0.14857205141897015,-1.1022781181335448,True,olmo3_32b,localization_minimal_prefilled_2_letters,data/sentences/23tok.txt,0.04460663847182123,23tok
0.35,0.15766981275179706,-0.9905130310058594,True,olmo3_32b,localization_minimal_prefilled_2_letters,data/sentences/23tok.txt,0.04209639316576699,23tok
0.37,0.16643326354169813,-0.8840971393585205,True,olmo3_32b,localization_minimal_prefilled_2_letters,data/sentences/23tok.txt,0.040315885746722194,23tok
0.39,0.17550242386273077,-0.7758505058288574,True,olmo3_32b,localization_minimal_prefilled_2_letters,data/sentences/23tok.txt,0.03755983316966368,23tok
0.41,0.18384064951775198,-0.683999475479126,True,olmo3_32b,localization_minimal_prefilled_2_letters,data/sentences/23tok.txt,0.03562011485297375,23tok
0.43,0.19374614201123683,-0.582487735748291,True,olmo3_32b,localization_minimal_prefilled_2_letters,data/sentences/23tok.txt,0.03189827627150483,23tok
0.45,0.20307573147404148,-0.4967457504272461,True,olmo3_32b,localization_minimal_prefilled_2_letters,data/sentences/23tok.txt,0.02918397981864249,23tok
0.47,0.21498325672728266,-0.4065348587036133,True,olmo3_32b,localization_minimal_prefilled_2_letters,data/sentences/23tok.txt,0.025796921338036682,23tok
0.49,0.2277789590870427,-0.33208562660217283,True,olmo3_32b,localization_minimal_prefilled_2_letters,data/sentences/23tok.txt,0.023078292040576976,23tok
0.51,0.24465678407577998,-0.2622943344116211,True,olmo3_32b,localization_minimal_prefilled_2_letters,data/sentences/23tok.txt,0.019801279886574156,23tok
0.53,0.2638243951985284,-0.21161301612854003,True,olmo3_32b,localization_minimal_prefilled_2_letters,data/sentences/23tok.txt,0.017715727328461404,23tok
0.55,0.30070662479771426,-0.17392646026611328,True,olmo3_32b,localization_minimal_prefilled_2_letters,data/sentences/23tok.txt,0.015532957521637627,23tok
0.13,0.05146008511500763,-1.4666995067596436,True,olmo3_32b,localization_minimal_prefilled_2_letters,data/sentences/3tok.txt,0.04682192718456784,3tok
0.15,0.05618663863630275,-1.455049238204956,True,olmo3_32b,localization_minimal_prefilled_2_letters,data/sentences/3tok.txt,0.04684878781233389,3tok
0.17,0.06055240733794726,-1.444288251876831,True,olmo3_32b,localization_minimal_prefilled_2_letters,data/sentences/3tok.txt,0.04636429630437276,3tok
0.19,0.06364930119412175,-1.4360684070587157,True,olmo3_32b,localization_minimal_prefilled_2_letters,data/sentences/3tok.txt,0.04683673845610621,3tok
0.21,0.07048160619570625,-1.4157414646148683,True,olmo3_32b,localization_minimal_prefilled_2_letters,data/sentences/3tok.txt,0.046578824659210316,3tok
0.23,0.07976632929753408,-1.3888743209838867,True,olmo3_32b,localization_minimal_prefilled_2_letters,data/sentences/3tok.txt,0.04589555250555002,3tok
0.25,0.08843416572544306,-1.3644080924987794,True,olmo3_32b,localization_minimal_prefilled_2_letters,data/sentences/3tok.txt,0.04503026218327162,3tok
0.27,0.0977471315912865,-1.3376471424102783,True,olmo3_32b,localization_minimal_prefilled_2_letters,data/sentences/3tok.txt,0.04448713423165305,3tok
0.29,0.10528618152249355,-1.3171253147125244,True,olmo3_32b,localization_minimal_prefilled_2_letters,data/sentences/3tok.txt,0.044254684149819715,3tok
0.31,0.1142075382766759,-1.2940320720672607,True,olmo3_32b,localization_minimal_prefilled_2_letters,data/sentences/3tok.txt,0.04376746886839555,3tok
0.33,0.12546746870271777,-1.2681522159576415,True,olmo3_32b,localization_minimal_prefilled_2_letters,data/sentences/3tok.txt,0.04286492213564247,3tok
0.35,0.13417479108178937,-1.247869291305542,True,olmo3_32b,localization_minimal_prefilled_2_letters,data/sentences/3tok.txt,0.04318311575635653,3tok
0.37,0.14541579506277166,-1.2236684894561767,True,olmo3_32b,localization_minimal_prefilled_2_letters,data/sentences/3tok.txt,0.042732150431309526,3tok
0.39,0.1630757728001658,-1.189509111404419,True,olmo3_32b,localization_minimal_prefilled_2_letters,data/sentences/3tok.txt,0.0416821311641963,3tok
0.41,0.1788076958378264,-1.1647756576538086,True,olmo3_32b,localization_minimal_prefilled_2_letters,data/sentences/3tok.txt,0.0410309116953962,3tok
0.43,0.19663217030283175,-1.133177261352539,True,olmo3_32b,localization_minimal_prefilled_2_letters,data/sentences/3tok.txt,0.04046966227973537,3tok
0.45,0.21623612713769652,-1.098483636856079,True,olmo3_32b,localization_minimal_prefilled_2_letters,data/sentences/3tok.txt,0.03968751240359065,3tok
0.47,0.2338415263165344,-1.0685025615692139,True,olmo3_32b,localization_minimal_prefilled_2_letters,data/sentences/3tok.txt,0.03907559314832584,3tok
0.49,0.24830120308832873,-1.0440382556915284,True,olmo3_32b,localization_minimal_prefilled_2_letters,data/sentences/3tok.txt,0.03846975112268215,3tok
0.51,0.26126690440822986,-1.0238934059143066,True,olmo3_32b,localization_minimal_prefilled_2_letters,data/sentences/3tok.txt,0.03790774157063149,3tok
0.53,0.27382597116423096,-1.0028644771575927,True,olmo3_32b,localization_minimal_prefilled_2_letters,data/sentences/3tok.txt,0.037565495742108344,3tok
0.55,0.28648594474960526,-0.9824074592590332,True,olmo3_32b,localization_minimal_prefilled_2_letters,data/sentences/3tok.txt,0.036802274850902816,3tok
0.57,0.2974015914517019,-0.9657134704589844,True,olmo3_32b,localization_minimal_prefilled_2_letters,data/sentences/3tok.txt,0.03624298387955655,3tok
0.59,0.31988542601634934,-0.9283379364013672,True,olmo3_32b,localization_minimal_prefilled_2_letters,data/sentences/3tok.txt,0.03521320301246938,3tok
0.61,0.3385926336394556,-0.8997258243560791,True,olmo3_32b,localization_minimal_prefilled_2_letters,data/sentences/3tok.txt,0.03378233275768253,3tok
0.63,0.36384165062840645,-0.8644935626983643,True,olmo3_32b,localization_minimal_prefilled_2_letters,data/sentences/3tok.txt,0.03264873838185607,3tok
0.65,0.37406820082633196,-0.8489927959442138,True,olmo3_32b,localization_minimal_prefilled_2_letters,data/sentences/3tok.txt,0.032387404498298605,3tok
0.67,0.3880781198932103,-0.833457046508789,True,olmo3_32b,localization_minimal_prefilled_2_letters,data/sentences/3tok.txt,0.031764543747264,3tok
0.69,0.4068912838602722,-0.8115955543518066,True,olmo3_32b,localization_minimal_prefilled_2_letters,data/sentences/3tok.txt,0.0319504681240151,3tok
0.71,0.4110360448636905,-0.8076261405944825,True,olmo3_32b,localization_minimal_prefilled_2_letters,data/sentences/3tok.txt,0.03213729390222821,3tok
0.73,0.4187734244362465,-0.8007261924743653,True,olmo3_32b,localization_minimal_prefilled_2_letters,data/sentences/3tok.txt,0.031031066342021924,3tok
0.75,0.4398269912418658,-0.78323726272583,True,olmo3_32b,localization_minimal_prefilled_2_letters,data/sentences/3tok.txt,0.030330763004007343,3tok
0.77,0.48284352027869654,-0.7600973048210143,True,olmo3_32b,localization_minimal_prefilled_2_letters,data/sentences/3tok.txt,0.02842160687809399,3tok
0.79,0.48284352027869654,-0.7600973048210143,True,olmo3_32b,localization_minimal_prefilled_2_letters,data/sentences/3tok.txt,0.027560111415757208,3tok
0.81,0.48284352027869654,-0.7600973048210143,True,olmo3_32b,localization_minimal_prefilled_2_letters,data/sentences/3tok.txt,0.028718736192736585,3tok
0.83,0.48284352027869654,-0.7600973048210143,True,olmo3_32b,localization_minimal_prefilled_2_letters,data/sentences/3tok.txt,0.02870326435566746,3tok
0.85,0.49593755058155736,-0.755074420928955,True,olmo3_32b,localization_minimal_prefilled_2_letters,data/sentences/3tok.txt,0.028711113040050636,3tok
0.87,0.6643500439787693,-0.7148364753723144,True,olmo3_32b,localization_minimal_prefilled_2_letters,data/sentences/3tok.txt,0.028586875527781247,3tok
0.09,0.053677767916049716,-1.8972952709197999,True,olmo3_32b,localization_minimal_prefilled_2_letters,data/sentences/7tok.txt,0.060273295580466874,7tok
0.11,0.059914189598254494,-1.8724983310699463,True,olmo3_32b,localization_minimal_prefilled_2_letters,data/sentences/7tok.txt,0.06001415656424505,7tok
0.13,0.06725796441622184,-1.837983533859253,True,olmo3_32b,localization_minimal_prefilled_2_letters,data/sentences/7tok.txt,0.05908371959544815,7tok
0.15,0.07309556074135673,-1.8082515296936035,True,olmo3_32b,localization_minimal_prefilled_2_letters,data/sentences/7tok.txt,0.05816874611367768,7tok
0.17,0.0778183288511605,-1.7828086891174317,True,olmo3_32b,localization_minimal_prefilled_2_letters,data/sentences/7tok.txt,0.05769817099916439,7tok
0.19,0.08444209268205151,-1.7458083934783934,True,olmo3_32b,localization_minimal_prefilled_2_letters,data/sentences/7tok.txt,0.057038477122266486,7tok
0.21,0.09160718312249856,-1.7036793670654298,True,olmo3_32b,localization_minimal_prefilled_2_letters,data/sentences/7tok.txt,0.05615128661504701,7tok
0.23,0.0997208591256498,-1.6541982669830322,True,olmo3_32b,localization_minimal_prefilled_2_letters,data/sentences/7tok.txt,0.0554461180111797,7tok
0.25,0.10919702927271918,-1.5957389106750488,True,olmo3_32b,localization_minimal_prefilled_2_letters,data/sentences/7tok.txt,0.054470106048354505,7tok
0.27,0.11885535330406669,-1.5350880966186524,True,olmo3_32b,localization_minimal_prefilled_2_letters,data/sentences/7tok.txt,0.05313886117153846,7tok
0.29,0.12608760381187717,-1.488288200378418,True,olmo3_32b,localization_minimal_prefilled_2_letters,data/sentences/7tok.txt,0.05254057382397529,7tok
0.31,0.13229240514408802,-1.443403835296631,True,olmo3_32b,localization_minimal_prefilled_2_letters,data/sentences/7tok.txt,0.051818258981023234,7tok
0.33,0.13974887054395294,-1.3888878955841064,True,olmo3_32b,localization_minimal_prefilled_2_letters,data/sentences/7tok.txt,0.05109046183751527,7tok
0.35,0.1480965893390317,-1.3263592567443847,True,olmo3_32b,localization_minimal_prefilled_2_letters,data/sentences/7tok.txt,0.04988686797980921,7tok
0.37,0.15654095899871565,-1.2635974235534668,True,olmo3_32b,localization_minimal_prefilled_2_letters,data/sentences/7tok.txt,0.048330686669033146,7tok
0.39,0.16532901090167523,-1.199341012954712,True,olmo3_32b,localization_minimal_prefilled_2_letters,data/sentences/7tok.txt,0.04655108392009024,7tok
0.41,0.1762386027122679,-1.1223961696624756,True,olmo3_32b,localization_minimal_prefilled_2_letters,data/sentences/7tok.txt,0.04468612270610459,7tok
0.43,0.18636442836795075,-1.0541764183044433,True,olmo3_32b,localization_minimal_prefilled_2_letters,data/sentences/7tok.txt,0.042861438058945905,7tok
0.45,0.1986956413716127,-0.9784723396301269,True,olmo3_32b,localization_minimal_prefilled_2_letters,data/sentences/7tok.txt,0.04113541506307585,7tok
0.47,0.20748820206968868,-0.9296967411041259,True,olmo3_32b,localization_minimal_prefilled_2_letters,data/sentences/7tok.txt,0.0402687783583534,7tok
0.49,0.22048684731227136,-0.8643159370422363,True,olmo3_32b,localization_minimal_prefilled_2_letters,data/sentences/7tok.txt,0.03824358727504804,7tok
0.51,0.23303290890656375,-0.8085862655639648,True,olmo3_32b,localization_minimal_prefilled_2_letters,data/sentences/7tok.txt,0.03740466495303757,7tok
0.53,0.24738175602430343,-0.7539061431884766,True,olmo3_32b,localization_minimal_prefilled_2_letters,data/sentences/7tok.txt,0.03585367847658323,7tok
0.55,0.26805375651497676,-0.6833613243103027,True,olmo3_32b,localization_minimal_prefilled_2_letters,data/sentences/7tok.txt,0.033200482968226454,7tok
0.57,0.28736868129562976,-0.6317537021636963,True,olmo3_32b,localization_minimal_prefilled_2_letters,data/sentences/7tok.txt,0.031025643943278607,7tok
0.59,0.30479682562950117,-0.5938778247833252,True,olmo3_32b,localization_minimal_prefilled_2_letters,data/sentences/7tok.txt,0.029537774418277717,7tok
0.61,0.32611002536488004,-0.552242130279541,True,olmo3_32b,localization_minimal_prefilled_2_letters,data/sentences/7tok.txt,0.028944349148724267,7tok
0.63,0.3471613949371844,-0.5201538143157959,True,olmo3_32b,localization_minimal_prefilled_2_letters,data/sentences/7tok.txt,0.02743192722356821,7tok
0.65,0.3579906040747562,-0.5052702007293701,True,olmo3_32b,localization_minimal_prefilled_2_letters,data/sentences/7tok.txt,0.02664270979961888,7tok
0.67,0.38541876914339007,-0.4737518272399902,True,olmo3_32b,localization_minimal_prefilled_2_letters,data/sentences/7tok.txt,0.024927540838474226,7tok
0.69,0.4383505652571126,-0.4405776777267456,True,olmo3_32b,localization_minimal_prefilled_2_letters,data/sentences/7tok.txt,0.023346019193766807,7tok
0.71,0.4383505652571126,-0.4405776777267456,True,olmo3_32b,localization_minimal_prefilled_2_letters,data/sentences/7tok.txt,0.022788788287646293,7tok
0.73,0.4833897606778891,-0.4284232818058559,True,olmo3_32b,localization_minimal_prefilled_2_letters,data/sentences/7tok.txt,0.02177516819454816,7tok
0.75,0.4833897606778891,-0.4284232818058559,True,olmo3_32b,localization_minimal_prefilled_2_letters,data/sentences/7tok.txt,0.021463961649397116,7tok
0.77,0.4833897606778891,-0.4284232818058559,True,olmo3_32b,localization_minimal_prefilled_2_letters,data/sentences/7tok.txt,0.02121622897538843,7tok
0.79,0.4833897606778891,-0.4284232818058559,True,olmo3_32b,localization_minimal_prefilled_2_letters,data/sentences/7tok.txt,0.020762754302262865,7tok
0.81,0.4833897606778891,-0.4284232818058559,True,olmo3_32b,localization_minimal_prefilled_2_letters,data/sentences/7tok.txt,0.021798332661249004,7tok
0.83,0.4833897606778891,-0.4284232818058559,True,olmo3_32b,localization_minimal_prefilled_2_letters,data/sentences/7tok.txt,0.02105203020877924,7tok
0.85,0.4833897606778891,-0.4284232818058559,True,olmo3_32b,localization_minimal_prefilled_2_letters,data/sentences/7tok.txt,0.021972318484548267,7tok
0.87,0.48406562743236714,-0.4282893285751343,True,olmo3_32b,localization_minimal_prefilled_2_letters,data/sentences/7tok.txt,0.021284859311521454,7tok
0.89,0.48406562743236714,-0.4282893285751343,True,olmo3_32b,localization_minimal_prefilled_2_letters,data/sentences/7tok.txt,0.022489010641265097,7tok
0.05,0.041958148402844515,-1.7123784637451172,True,qwen3_14b,localization_introspective_prefilled_2_letters,data/sentences/11tok.txt,0.07424861033061649,11tok
0.07,0.049360782437709104,-1.615654987335205,True,qwen3_14b,localization_introspective_prefilled_2_letters,data/sentences/11tok.txt,0.07230916793862768,11tok
0.09,0.052724110883090966,-1.5363886451721191,True,qwen3_14b,localization_introspective_prefilled_2_letters,data/sentences/11tok.txt,0.07066278714864094,11tok
0.11,0.05580417992374498,-1.4562080459594726,True,qwen3_14b,localization_introspective_prefilled_2_letters,data/sentences/11tok.txt,0.06923384526286884,11tok
0.13,0.059907175149584865,-1.349398551940918,True,qwen3_14b,localization_introspective_prefilled_2_letters,data/sentences/11tok.txt,0.06639705630557907,11tok
0.15,0.06306244108750485,-1.251203327178955,True,qwen3_14b,localization_introspective_prefilled_2_letters,data/sentences/11tok.txt,0.06436163218666381,11tok
0.17,0.0649940383357516,-1.1457747917175294,True,qwen3_14b,localization_introspective_prefilled_2_letters,data/sentences/11tok.txt,0.06173228479356589,11tok
0.19,0.06659484603851813,-1.0584010848999024,True,qwen3_14b,localization_introspective_prefilled_2_letters,data/sentences/11tok.txt,0.059798317552072766,11tok
0.21,0.06861171395596666,-0.9483183898925781,True,qwen3_14b,localization_introspective_prefilled_2_letters,data/sentences/11tok.txt,0.057054153255324286,11tok
0.23,0.07104475188615735,-0.8155207138061523,True,qwen3_14b,localization_introspective_prefilled_2_letters,data/sentences/11tok.txt,0.0538003108344706,11tok
0.25,0.07304385802790718,-0.7064074745178223,True,qwen3_14b,localization_introspective_prefilled_2_letters,data/sentences/11tok.txt,0.05040843985682245,11tok
0.27,0.07560116369069868,-0.5756066627502442,True,qwen3_14b,localization_introspective_prefilled_2_letters,data/sentences/11tok.txt,0.046083735987326076,11tok
0.29,0.07824718092296834,-0.46982736206054687,True,qwen3_14b,localization_introspective_prefilled_2_letters,data/sentences/11tok.txt,0.042330212658690414,11tok
0.31,0.08064096684053129,-0.37413146209716797,True,qwen3_14b,localization_introspective_prefilled_2_letters,data/sentences/11tok.txt,0.03796984732415335,11tok
0.33,0.08300456576235161,-0.27964234161376955,True,qwen3_14b,localization_introspective_prefilled_2_letters,data/sentences/11tok.txt,0.033263847410976065,11tok
0.35,0.08436142832844401,-0.22539931869506835,True,qwen3_14b,localization_introspective_prefilled_2_letters,data/sentences/11tok.txt,0.030345889989403237,11tok
0.37,0.0854119347306368,-0.18340343475341797,True,qwen3_14b,localization_introspective_prefilled_2_letters,data/sentences/11tok.txt,0.02744281633601336,11tok
0.39,0.08619826613072247,-0.15196842193603516,True,qwen3_14b,localization_introspective_prefilled_2_letters,data/sentences/11tok.txt,0.023913647616588592,11tok
0.41,0.08692827051475023,-0.12278518295288086,True,qwen3_14b,localization_introspective_prefilled_2_letters,data/sentences/11tok.txt,0.02147810321613348,11tok
0.43,0.08742101465451874,-0.10308684921264648,True,qwen3_14b,localization_introspective_prefilled_2_letters,data/sentences/11tok.txt,0.02063244538422976,11tok
0.45,0.08792208339190642,-0.09688164520263672,True,qwen3_14b,localization_introspective_prefilled_2_letters,data/sentences/11tok.txt,0.018782899138879164,11tok
0.47,0.08970955834213655,-0.08397531127929687,True,qwen3_14b,localization_introspective_prefilled_2_letters,data/sentences/11tok.txt,0.016913863475477325,11tok
0.49,0.09053559053804881,-0.07801100540161132,True,qwen3_14b,localization_introspective_prefilled_2_letters,data/sentences/11tok.txt,0.015536895708684292,11tok
0.51,0.09053559053804881,-0.07801100540161132,True,qwen3_14b,localization_introspective_prefilled_2_letters,data/sentences/11tok.txt,0.015135515839822622,11tok
0.53,0.0914308878782994,-0.07154657554626465,True,qwen3_14b,localization_introspective_prefilled_2_letters,data/sentences/11tok.txt,0.01388369411360053,11tok
0.55,0.0914308878782994,-0.07154657554626465,True,qwen3_14b,localization_introspective_prefilled_2_letters,data/sentences/11tok.txt,0.015046115893482872,11tok
0.57,0.09229064301122515,-0.06533877563476563,True,qwen3_14b,localization_introspective_prefilled_2_letters,data/sentences/11tok.txt,0.01301038745095,11tok
0.05,0.04217536138132379,-1.6762753868103026,True,qwen3_14b,localization_introspective_prefilled_2_letters,data/sentences/15tok.txt,0.07313694114565904,15tok
0.07,0.04883979629672246,-1.594612621307373,True,qwen3_14b,localization_introspective_prefilled_2_letters,data/sentences/15tok.txt,0.07177648608802947,15tok
0.09,0.05201388501328317,-1.5226359176635742,True,qwen3_14b,localization_introspective_prefilled_2_letters,data/sentences/15tok.txt,0.0710572838689624,15tok
0.11,0.05545311269291982,-1.4239956130981446,True,qwen3_14b,localization_introspective_prefilled_2_letters,data/sentences/15tok.txt,0.06895211638988734,15tok
0.13,0.059209460403073046,-1.3162600059509277,True,qwen3_14b,localization_introspective_prefilled_2_letters,data/sentences/15tok.txt,0.06701995257694082,15tok
0.15,0.06276280411379866,-1.20717431640625,True,qwen3_14b,localization_introspective_prefilled_2_letters,data/sentences/15tok.txt,0.06474291858343967,15tok
0.17,0.06469109141957333,-1.099242546081543,True,qwen3_14b,localization_introspective_prefilled_2_letters,data/sentences/15tok.txt,0.062431677142743856,15tok
0.19,0.06647288277265641,-0.9995105743408204,True,qwen3_14b,localization_introspective_prefilled_2_letters,data/sentences/15tok.txt,0.06057391779262099,15tok
0.21,0.06850734571776106,-0.8856358489990235,True,qwen3_14b,localization_introspective_prefilled_2_letters,data/sentences/15tok.txt,0.05783893989020149,15tok
0.23,0.07068637194372122,-0.7636695022583008,True,qwen3_14b,localization_introspective_prefilled_2_letters,data/sentences/15tok.txt,0.05457847472188097,15tok
0.25,0.07293027264322494,-0.6380719451904296,True,qwen3_14b,localization_introspective_prefilled_2_letters,data/sentences/15tok.txt,0.05014583705170374,15tok
0.27,0.07483463156612205,-0.5314795150756836,True,qwen3_14b,localization_introspective_prefilled_2_letters,data/sentences/15tok.txt,0.04632461070100648,15tok
0.29,0.07765984899422,-0.4270471305847168,True,qwen3_14b,localization_introspective_prefilled_2_letters,data/sentences/15tok.txt,0.04128304969418717,15tok
0.31,0.07983885371816013,-0.3490767364501953,True,qwen3_14b,localization_introspective_prefilled_2_letters,data/sentences/15tok.txt,0.037983685306006626,15tok
0.33,0.08226905685535485,-0.2621178169250488,True,qwen3_14b,localization_introspective_prefilled_2_letters,data/sentences/15tok.txt,0.03271564522224325,15tok
0.35,0.08386028031101095,-0.20517974853515625,True,qwen3_14b,localization_introspective_prefilled_2_letters,data/sentences/15tok.txt,0.030074266537145122,15tok
0.37,0.08518847787020152,-0.15765342330932616,True,qwen3_14b,localization_introspective_prefilled_2_letters,data/sentences/15tok.txt,0.02546249506073866,15tok
0.39,0.08601186564449852,-0.12819049072265626,True,qwen3_14b,localization_introspective_prefilled_2_letters,data/sentences/15tok.txt,0.023126818424984933,15tok
0.41,0.08634039961917005,-0.11643470001220703,True,qwen3_14b,localization_introspective_prefilled_2_letters,data/sentences/15tok.txt,0.022497685868725803,15tok
0.43,0.08694146271272914,-0.09492711639404297,True,qwen3_14b,localization_introspective_prefilled_2_letters,data/sentences/15tok.txt,0.02002138904395272,15tok
0.45,0.08704695229816876,-0.09115242767333985,True,qwen3_14b,localization_introspective_prefilled_2_letters,data/sentences/15tok.txt,0.019172425116079788,15tok
0.47,0.08708456210419284,-0.0898066520690918,True,qwen3_14b,localization_introspective_prefilled_2_letters,data/sentences/15tok.txt,0.019219953875366007,15tok
0.49,0.08725413935367068,-0.08373874187469482,True,qwen3_14b,localization_introspective_prefilled_2_letters,data/sentences/15tok.txt,0.016717607787425773,15tok
0.51,0.08725413935367068,-0.08373874187469482,True,qwen3_14b,localization_introspective_prefilled_2_letters,data/sentences/15tok.txt,0.019276527665500778,15tok
0.53,0.08725413935367068,-0.08373874187469482,True,qwen3_14b,localization_introspective_prefilled_2_letters,data/sentences/15tok.txt,0.0185106619447947,15tok
0.55,0.08725413935367068,-0.08373874187469482,True,qwen3_14b,localization_introspective_prefilled_2_letters,data/sentences/15tok.txt,0.020354683640972697,15tok
0.57,0.08790589650124322,-0.07263033294677734,True,qwen3_14b,localization_introspective_prefilled_2_letters,data/sentences/15tok.txt,0.017305953253209064,15tok
0.05,0.04177686611524721,-1.392397415161133,True,qwen3_14b,localization_introspective_prefilled_2_letters,data/sentences/19tok.txt,0.06139700799327445,19tok
0.07,0.04720732161892766,-1.3213019523620606,True,qwen3_14b,localization_introspective_prefilled_2_letters,data/sentences/19tok.txt,0.06025465838867198,19tok
0.09,0.051785907459032665,-1.2343634567260742,True,qwen3_14b,localization_introspective_prefilled_2_letters,data/sentences/19tok.txt,0.05901776699553529,19tok
0.11,0.0552721340008987,-1.1360241661071777,True,qwen3_14b,localization_introspective_prefilled_2_letters,data/sentences/19tok.txt,0.056775010176148805,19tok
0.13,0.05841461858180017,-1.0473811302185059,True,qwen3_14b,localization_introspective_prefilled_2_letters,data/sentences/19tok.txt,0.05498417891957988,19tok
0.15,0.062241861155832974,-0.9394224777221679,True,qwen3_14b,localization_introspective_prefilled_2_letters,data/sentences/19tok.txt,0.05244952810539942,19tok
0.17,0.06449052505776594,-0.8321327285766602,True,qwen3_14b,localization_introspective_prefilled_2_letters,data/sentences/19tok.txt,0.049491524362443265,19tok
0.19,0.06655829479193257,-0.7282436103820801,True,qwen3_14b,localization_introspective_prefilled_2_letters,data/sentences/19tok.txt,0.04610518720706487,19tok
0.21,0.06846473398658615,-0.6324600791931152,True,qwen3_14b,localization_introspective_prefilled_2_letters,data/sentences/19tok.txt,0.04396942363304185,19tok
0.23,0.0705502520989793,-0.5276792449951172,True,qwen3_14b,localization_introspective_prefilled_2_letters,data/sentences/19tok.txt,0.04007854964125564,19tok
0.25,0.07232974055888748,-0.4382739868164062,True,qwen3_14b,localization_introspective_prefilled_2_letters,data/sentences/19tok.txt,0.03583230726360367,19tok
0.27,0.07419597032805357,-0.34451066207885744,True,qwen3_14b,localization_introspective_prefilled_2_letters,data/sentences/19tok.txt,0.032129510809919604,19tok
0.29,0.07669695280217988,-0.26560976409912107,True,qwen3_14b,localization_introspective_prefilled_2_letters,data/sentences/19tok.txt,0.028406824038400242,19tok
0.31,0.07964732898483814,-0.19866418075561523,True,qwen3_14b,localization_introspective_prefilled_2_letters,data/sentences/19tok.txt,0.024702859169598197,19tok
0.33,0.08228078260405382,-0.13890973663330078,True,qwen3_14b,localization_introspective_prefilled_2_letters,data/sentences/19tok.txt,0.020113113678311353,19tok
0.35,0.08419364110283001,-0.09550597381591797,True,qwen3_14b,localization_introspective_prefilled_2_letters,data/sentences/19tok.txt,0.01691652678563479,19tok
0.37,0.08557515179319712,-0.06415877151489258,True,qwen3_14b,localization_introspective_prefilled_2_letters,data/sentences/19tok.txt,0.013141098100704959,19tok
0.39,0.08613387988706901,-0.05148093795776367,True,qwen3_14b,localization_introspective_prefilled_2_letters,data/sentences/19tok.txt,0.012089871560765518,19tok
0.41,0.08620982944296109,-0.04975760269165039,True,qwen3_14b,localization_introspective_prefilled_2_letters,data/sentences/19tok.txt,0.014066512090163845,19tok
0.43,0.08685650302113675,-0.035084239959716795,True,qwen3_14b,localization_introspective_prefilled_2_letters,data/sentences/19tok.txt,0.010034486986665904,19tok
0.45,0.08718386826604488,-0.027656150817871095,True,qwen3_14b,localization_introspective_prefilled_2_letters,data/sentences/19tok.txt,0.009688499342693434,19tok
0.47,0.0875065287126754,-0.020472381591796877,True,qwen3_14b,localization_introspective_prefilled_2_letters,data/sentences/19tok.txt,0.006373137600488645,19tok
0.49,0.08852495489724108,-0.0188228702545166,True,qwen3_14b,localization_introspective_prefilled_2_letters,data/sentences/19tok.txt,0.0051077350567275805,19tok
0.51,0.08852495489724108,-0.0188228702545166,True,qwen3_14b,localization_introspective_prefilled_2_letters,data/sentences/19tok.txt,0.0052772400883593345,19tok
0.53,0.08866327198730056,-0.01859884262084961,True,qwen3_14b,localization_introspective_prefilled_2_letters,data/sentences/19tok.txt,0.007353083028115173,19tok
0.55,0.08950796776153712,-0.017230716705322266,True,qwen3_14b,localization_introspective_prefilled_2_letters,data/sentences/19tok.txt,0.005531126461624758,19tok
0.05,0.04041729280160771,-1.4292576904296874,True,qwen3_14b,localization_introspective_prefilled_2_letters,data/sentences/23tok.txt,0.061187357945012115,23tok
0.07,0.04700074803323869,-1.3399287376403808,True,qwen3_14b,localization_introspective_prefilled_2_letters,data/sentences/23tok.txt,0.059573850408404024,23tok
0.09,0.05149557474433443,-1.2542734146118164,True,qwen3_14b,localization_introspective_prefilled_2_letters,data/sentences/23tok.txt,0.05756023935765138,23tok
0.11,0.05521647669619243,-1.1424171676635742,True,qwen3_14b,localization_introspective_prefilled_2_letters,data/sentences/23tok.txt,0.054830113091016416,23tok
0.13,0.05858636580854693,-1.0411129264831542,True,qwen3_14b,localization_introspective_prefilled_2_letters,data/sentences/23tok.txt,0.052870561037515994,23tok
0.15,0.06251188706502793,-0.9228892021179199,True,qwen3_14b,localization_introspective_prefilled_2_letters,data/sentences/23tok.txt,0.04992553573040796,23tok
0.17,0.06489233879133244,-0.808014778137207,True,qwen3_14b,localization_introspective_prefilled_2_letters,data/sentences/23tok.txt,0.0467732791024051,23tok
0.19,0.06683425847904026,-0.7143027725219726,True,qwen3_14b,localization_introspective_prefilled_2_letters,data/sentences/23tok.txt,0.04425246462263276,23tok
0.21,0.06938546131443632,-0.5911883430480958,True,qwen3_14b,localization_introspective_prefilled_2_letters,data/sentences/23tok.txt,0.04025007344998675,23tok
0.23,0.07164852305635926,-0.48197885513305666,True,qwen3_14b,localization_introspective_prefilled_2_letters,data/sentences/23tok.txt,0.036586660958701944,23tok
0.25,0.07373035994035435,-0.38151480865478515,True,qwen3_14b,localization_introspective_prefilled_2_letters,data/sentences/23tok.txt,0.032597723652140004,23tok
0.27,0.07647783453207817,-0.2843588676452637,True,qwen3_14b,localization_introspective_prefilled_2_letters,data/sentences/23tok.txt,0.027768506593492937,23tok
0.29,0.07953025383021149,-0.21023666000366212,True,qwen3_14b,localization_introspective_prefilled_2_letters,data/sentences/23tok.txt,0.024130590819085595,23tok
0.31,0.08154518521835384,-0.16130787658691406,True,qwen3_14b,localization_introspective_prefilled_2_letters,data/sentences/23tok.txt,0.0215100189913979,23tok
0.33,0.08343892982214206,-0.11532188415527343,True,qwen3_14b,localization_introspective_prefilled_2_letters,data/sentences/23tok.txt,0.017702199115874864,23tok
0.35,0.08480167967756339,-0.0822300910949707,True,qwen3_14b,localization_introspective_prefilled_2_letters,data/sentences/23tok.txt,0.014899793124156735,23tok
0.37,0.08580315754885516,-0.05791110229492188,True,qwen3_14b,localization_introspective_prefilled_2_letters,data/sentences/23tok.txt,0.01320988077427827,23tok
0.39,0.08651093182131596,-0.04072414779663086,True,qwen3_14b,localization_introspective_prefilled_2_letters,data/sentences/23tok.txt,0.010606739045409609,23tok
0.41,0.08695914470179142,-0.02984014892578125,True,qwen3_14b,localization_introspective_prefilled_2_letters,data/sentences/23tok.txt,0.007525874095246144,23tok
0.43,0.08725614567577854,-0.022628044128417967,True,qwen3_14b,localization_introspective_prefilled_2_letters,data/sentences/23tok.txt,0.006502453530435262,23tok
0.45,0.08725614567577854,-0.022628044128417967,True,qwen3_14b,localization_introspective_prefilled_2_letters,data/sentences/23tok.txt,0.010590139366789821,23tok
0.47,0.0872640477512957,-0.0224361572265625,True,qwen3_14b,localization_introspective_prefilled_2_letters,data/sentences/23tok.txt,0.008474922898815148,23tok
0.49,0.08882548500308002,-0.014947311401367187,True,qwen3_14b,localization_introspective_prefilled_2_letters,data/sentences/23tok.txt,0.0047116550606382005,23tok
0.09,0.050061848616296645,-2.129696792602539,True,qwen3_14b,localization_introspective_prefilled_2_letters,data/sentences/3tok.txt,0.09266819007534031,3tok
0.11,0.05401038543329804,-2.0641220626831056,True,qwen3_14b,localization_introspective_prefilled_2_letters,data/sentences/3tok.txt,0.09102799437147396,3tok
0.13,0.057909355658051685,-1.999370502471924,True,qwen3_14b,localization_introspective_prefilled_2_letters,data/sentences/3tok.txt,0.08994720307740903,3tok
0.15,0.06122930137844231,-1.944235004425049,True,qwen3_14b,localization_introspective_prefilled_2_letters,data/sentences/3tok.txt,0.08888227021256688,3tok
0.17,0.06477311076269397,-1.8592714233398437,True,qwen3_14b,localization_introspective_prefilled_2_letters,data/sentences/3tok.txt,0.08650215169295171,3tok
0.19,0.06738019463853717,-1.7860281562805176,True,qwen3_14b,localization_introspective_prefilled_2_letters,data/sentences/3tok.txt,0.08488240785298004,3tok
0.21,0.06976135209154674,-1.719132053375244,True,qwen3_14b,localization_introspective_prefilled_2_letters,data/sentences/3tok.txt,0.08247289444443978,3tok
0.23,0.07253577922752678,-1.6411874542236329,True,qwen3_14b,localization_introspective_prefilled_2_letters,data/sentences/3tok.txt,0.08006695885173645,3tok
0.25,0.0755444815062462,-1.5485067977905274,True,qwen3_14b,localization_introspective_prefilled_2_letters,data/sentences/3tok.txt,0.07753193635188547,3tok
0.27,0.07782527700590391,-1.4502722702026367,True,qwen3_14b,localization_introspective_prefilled_2_letters,data/sentences/3tok.txt,0.07498786747460838,3tok
0.29,0.07974200998957491,-1.3677180213928222,True,qwen3_14b,localization_introspective_prefilled_2_letters,data/sentences/3tok.txt,0.0722356946497762,3tok
0.31,0.08068850489977052,-1.3269522094726562,True,qwen3_14b,localization_introspective_prefilled_2_letters,data/sentences/3tok.txt,0.07084176818784511,3tok
0.33,0.0828841939019504,-1.232383243560791,True,qwen3_14b,localization_introspective_prefilled_2_letters,data/sentences/3tok.txt,0.06834361296583731,3tok
0.35,0.08484221780316702,-1.1480505828857421,True,qwen3_14b,localization_introspective_prefilled_2_letters,data/sentences/3tok.txt,0.06587274353241586,3tok
0.37,0.08691421216518362,-1.0588091812133789,True,qwen3_14b,localization_introspective_prefilled_2_letters,data/sentences/3tok.txt,0.0626370162347806,3tok
0.39,0.08816148538918855,-1.0115932846069335,True,qwen3_14b,localization_introspective_prefilled_2_letters,data/sentences/3tok.txt,0.06136792413699857,3tok
0.41,0.09092888155062155,-0.9196131134033203,True,qwen3_14b,localization_introspective_prefilled_2_letters,data/sentences/3tok.txt,0.05725094558025276,3tok
0.43,0.09156365953337353,-0.8985149459838867,True,qwen3_14b,localization_introspective_prefilled_2_letters,data/sentences/3tok.txt,0.05547056611790498,3tok
0.45,0.09362963355178272,-0.8298479995727539,True,qwen3_14b,localization_introspective_prefilled_2_letters,data/sentences/3tok.txt,0.05366465210508139,3tok
0.47,0.09389051002509675,-0.8211772270202636,True,qwen3_14b,localization_introspective_prefilled_2_letters,data/sentences/3tok.txt,0.052352076991768554,3tok
0.49,0.09415448586779836,-0.8124034404754639,True,qwen3_14b,localization_introspective_prefilled_2_letters,data/sentences/3tok.txt,0.05208878241546911,3tok
0.51,0.09415448586779836,-0.8124034404754639,True,qwen3_14b,localization_introspective_prefilled_2_letters,data/sentences/3tok.txt,0.052637868790204406,3tok
0.53,0.09575593867844785,-0.7591758232116699,True,qwen3_14b,localization_introspective_prefilled_2_letters,data/sentences/3tok.txt,0.049642739384589955,3tok
0.55,0.09676127978787283,-0.7257612190246582,True,qwen3_14b,localization_introspective_prefilled_2_letters,data/sentences/3tok.txt,0.04894801039783494,3tok
0.57,0.0968355094809841,-0.7232940406799316,True,qwen3_14b,localization_introspective_prefilled_2_letters,data/sentences/3tok.txt,0.04850394292455314,3tok
0.05,0.0434147900053329,-2.064441432952881,True,qwen3_14b,localization_introspective_prefilled_2_letters,data/sentences/7tok.txt,0.08717804790521813,7tok
0.07,0.050304228749859826,-1.9767873229980468,True,qwen3_14b,localization_introspective_prefilled_2_letters,data/sentences/7tok.txt,0.08600973651485441,7tok
0.09,0.053898742400843164,-1.8847390441894531,True,qwen3_14b,localization_introspective_prefilled_2_letters,data/sentences/7tok.txt,0.08436469051061905,7tok
0.11,0.05688579512865044,-1.8082466201782226,True,qwen3_14b,localization_introspective_prefilled_2_letters,data/sentences/7tok.txt,0.08303947987948722,7tok
0.13,0.05967032145596824,-1.7369404907226562,True,qwen3_14b,localization_introspective_prefilled_2_letters,data/sentences/7tok.txt,0.08137842995753526,7tok
0.15,0.06308351525298471,-1.634477695465088,True,qwen3_14b,localization_introspective_prefilled_2_letters,data/sentences/7tok.txt,0.07879708242845541,7tok
0.17,0.06531378860536244,-1.5198121223449708,True,qwen3_14b,localization_introspective_prefilled_2_letters,data/sentences/7tok.txt,0.07700107803597633,7tok
0.19,0.06744485921473345,-1.410246883392334,True,qwen3_14b,localization_introspective_prefilled_2_letters,data/sentences/7tok.txt,0.07440409115483712,7tok
0.21,0.06947472287735681,-1.3058850212097168,True,qwen3_14b,localization_introspective_prefilled_2_letters,data/sentences/7tok.txt,0.07137195963518467,7tok
0.23,0.07158652569284132,-1.197310401916504,True,qwen3_14b,localization_introspective_prefilled_2_letters,data/sentences/7tok.txt,0.06853576611679194,7tok
0.25,0.07353011087743012,-1.0973843955993652,True,qwen3_14b,localization_introspective_prefilled_2_letters,data/sentences/7tok.txt,0.06547627768561701,7tok
0.27,0.07605164147525895,-0.96145458984375,True,qwen3_14b,localization_introspective_prefilled_2_letters,data/sentences/7tok.txt,0.060514398053508625,7tok
0.29,0.07829197127215247,-0.8328728103637695,True,qwen3_14b,localization_introspective_prefilled_2_letters,data/sentences/7tok.txt,0.05603795381208895,7tok
0.31,0.07995588110613713,-0.737374153137207,True,qwen3_14b,localization_introspective_prefilled_2_letters,data/sentences/7tok.txt,0.05193040992860766,7tok
0.33,0.08153388573938135,-0.6468059501647949,True,qwen3_14b,localization_introspective_prefilled_2_letters,data/sentences/7tok.txt,0.04875551838516714,7tok
0.35,0.08360864160635438,-0.5277271423339843,True,qwen3_14b,localization_introspective_prefilled_2_letters,data/sentences/7tok.txt,0.04358235051719304,7tok
0.37,0.08486801292992945,-0.4554466209411621,True,qwen3_14b,localization_introspective_prefilled_2_letters,data/sentences/7tok.txt,0.040120502406556596,7tok
0.39,0.08616051742369034,-0.38126445007324217,True,qwen3_14b,localization_introspective_prefilled_2_letters,data/sentences/7tok.txt,0.03474329785649605,7tok
0.41,0.08730129402979761,-0.31579056930541993,True,qwen3_14b,localization_introspective_prefilled_2_letters,data/sentences/7tok.txt,0.03063022559575463,7tok
0.43,0.08784902995164395,-0.29735464477539064,True,qwen3_14b,localization_introspective_prefilled_2_letters,data/sentences/7tok.txt,0.029197244185072593,7tok
0.45,0.08886972183068523,-0.2767923393249512,True,qwen3_14b,localization_introspective_prefilled_2_letters,data/sentences/7tok.txt,0.028461458892029556,7tok
0.47,0.0894370507043977,-0.26536323928833006,True,qwen3_14b,localization_introspective_prefilled_2_letters,data/sentences/7tok.txt,0.028035041114075555,7tok
0.49,0.09031213485684567,-0.24773426818847658,True,qwen3_14b,localization_introspective_prefilled_2_letters,data/sentences/7tok.txt,0.027258175433349775,7tok
0.51,0.09034094932080959,-0.24715378761291504,True,qwen3_14b,localization_introspective_prefilled_2_letters,data/sentences/7tok.txt,0.02694098132051111,7tok
0.53,0.09034094932080959,-0.24715378761291504,True,qwen3_14b,localization_introspective_prefilled_2_letters,data/sentences/7tok.txt,0.02809610732187781,7tok
0.55,0.09215418140317588,-0.21062539672851563,True,qwen3_14b,localization_introspective_prefilled_2_letters,data/sentences/7tok.txt,0.02380643701905591,7tok
0.07,0.05156928805345472,-2.5152080993652346,True,qwen3_14b,localization_minimal_prefilled_2_letters,data/sentences/11tok.txt,0.11213531570491793,11tok
0.09,0.05479777164151672,-2.4045739364624024,True,qwen3_14b,localization_minimal_prefilled_2_letters,data/sentences/11tok.txt,0.11015531448525297,11tok
0.11,0.05790125564925145,-2.298223278045654,True,qwen3_14b,localization_minimal_prefilled_2_letters,data/sentences/11tok.txt,0.10862732004467177,11tok
0.13,0.061987711501367115,-2.1581879920959475,True,qwen3_14b,localization_minimal_prefilled_2_letters,data/sentences/11tok.txt,0.10574084907228942,11tok
0.15,0.06375777990353883,-2.0455530395507813,True,qwen3_14b,localization_minimal_prefilled_2_letters,data/sentences/11tok.txt,0.10394229705162962,11tok
0.17,0.06589404097696709,-1.884065948486328,True,qwen3_14b,localization_minimal_prefilled_2_letters,data/sentences/11tok.txt,0.10076489377683576,11tok
0.19,0.0678375267781057,-1.737151382446289,True,qwen3_14b,localization_minimal_prefilled_2_letters,data/sentences/11tok.txt,0.09773691843969276,11tok
0.21,0.0701531473253658,-1.5621059112548827,True,qwen3_14b,localization_minimal_prefilled_2_letters,data/sentences/11tok.txt,0.09345302481792257,11tok
0.23,0.0726795333505571,-1.3711279754638672,True,qwen3_14b,localization_minimal_prefilled_2_letters,data/sentences/11tok.txt,0.08794186735774864,11tok
0.25,0.07534572783242931,-1.1689948387145996,True,qwen3_14b,localization_minimal_prefilled_2_letters,data/sentences/11tok.txt,0.08192451151510884,11tok
0.27,0.07791285684813942,-0.970581226348877,True,qwen3_14b,localization_minimal_prefilled_2_letters,data/sentences/11tok.txt,0.07510150074705232,11tok
0.29,0.07981131263860998,-0.823849422454834,True,qwen3_14b,localization_minimal_prefilled_2_letters,data/sentences/11tok.txt,0.06962093475733525,11tok
0.31,0.08207084170277386,-0.6492102355957031,True,qwen3_14b,localization_minimal_prefilled_2_letters,data/sentences/11tok.txt,0.06242118982737129,11tok
0.33,0.08404280849218208,-0.496796760559082,True,qwen3_14b,localization_minimal_prefilled_2_letters,data/sentences/11tok.txt,0.05330675509487315,11tok
0.35,0.08518441720496073,-0.4085617294311523,True,qwen3_14b,localization_minimal_prefilled_2_letters,data/sentences/11tok.txt,0.0488632776249118,11tok
0.37,0.08648653704394732,-0.3079207801818848,True,qwen3_14b,localization_minimal_prefilled_2_letters,data/sentences/11tok.txt,0.04285362314330587,11tok
0.39,0.08691810820743075,-0.2745646095275879,True,qwen3_14b,localization_minimal_prefilled_2_letters,data/sentences/11tok.txt,0.039255124934813784,11tok
0.41,0.08752697223838236,-0.2291703224182129,True,qwen3_14b,localization_minimal_prefilled_2_letters,data/sentences/11tok.txt,0.0367353090827081,11tok
0.43,0.09006305181649964,-0.18969626235961914,True,qwen3_14b,localization_minimal_prefilled_2_letters,data/sentences/11tok.txt,0.03477745576917623,11tok
0.45,0.09023776331790481,-0.18697687911987304,True,qwen3_14b,localization_minimal_prefilled_2_letters,data/sentences/11tok.txt,0.03235874717320243,11tok
0.47,0.09183426229812902,-0.162127384185791,True,qwen3_14b,localization_minimal_prefilled_2_letters,data/sentences/11tok.txt,0.02989637943774087,11tok
0.49,0.09231313214452817,-0.15467377853393555,True,qwen3_14b,localization_minimal_prefilled_2_letters,data/sentences/11tok.txt,0.028814993850176693,11tok
0.51,0.0923895638617434,-0.1534841194152832,True,qwen3_14b,localization_minimal_prefilled_2_letters,data/sentences/11tok.txt,0.027500202340014625,11tok
0.53,0.09391180353030804,-0.129790470123291,True,qwen3_14b,localization_minimal_prefilled_2_letters,data/sentences/11tok.txt,0.026197608465150065,11tok
0.05,0.0432849220882022,-2.87453551864624,True,qwen3_14b,localization_minimal_prefilled_2_letters,data/sentences/15tok.txt,0.12057649438295737,15tok
0.07,0.05027047550435226,-2.7396335563659666,True,qwen3_14b,localization_minimal_prefilled_2_letters,data/sentences/15tok.txt,0.11863231620483312,15tok
0.09,0.05392780551223261,-2.581470317840576,True,qwen3_14b,localization_minimal_prefilled_2_letters,data/sentences/15tok.txt,0.11627563856233343,15tok
0.11,0.05761250449077997,-2.42212349319458,True,qwen3_14b,localization_minimal_prefilled_2_letters,data/sentences/15tok.txt,0.11317020530524685,15tok
0.13,0.06181839204708363,-2.2402375831604004,True,qwen3_14b,localization_minimal_prefilled_2_letters,data/sentences/15tok.txt,0.11043893704381869,15tok
0.15,0.06396547157004444,-2.074666130065918,True,qwen3_14b,localization_minimal_prefilled_2_letters,data/sentences/15tok.txt,0.10780686075896388,15tok
0.17,0.06614478732216272,-1.872278133392334,True,qwen3_14b,localization_minimal_prefilled_2_letters,data/sentences/15tok.txt,0.10445497051989813,15tok
0.19,0.06832964579908386,-1.6693753967285156,True,qwen3_14b,localization_minimal_prefilled_2_letters,data/sentences/15tok.txt,0.09916704852531641,15tok
0.21,0.07026620720237309,-1.4895314331054688,True,qwen3_14b,localization_minimal_prefilled_2_letters,data/sentences/15tok.txt,0.09576477062394242,15tok
0.23,0.07264535647097857,-1.268585361480713,True,qwen3_14b,localization_minimal_prefilled_2_letters,data/sentences/15tok.txt,0.09035071372098326,15tok
0.25,0.07485046086999281,-1.063802433013916,True,qwen3_14b,localization_minimal_prefilled_2_letters,data/sentences/15tok.txt,0.08358041603690765,15tok
0.27,0.07757091213644171,-0.8689688453674317,True,qwen3_14b,localization_minimal_prefilled_2_letters,data/sentences/15tok.txt,0.07838289281744437,15tok
0.29,0.0798908487489407,-0.7056867980957031,True,qwen3_14b,localization_minimal_prefilled_2_letters,data/sentences/15tok.txt,0.07280902515171446,15tok
0.31,0.08184941095018348,-0.5678390464782714,True,qwen3_14b,localization_minimal_prefilled_2_letters,data/sentences/15tok.txt,0.06655487786317275,15tok
0.33,0.0833182013969268,-0.4644624671936035,True,qwen3_14b,localization_minimal_prefilled_2_letters,data/sentences/15tok.txt,0.059906065108488886,15tok
0.35,0.08460435653429021,-0.37394014739990233,True,qwen3_14b,localization_minimal_prefilled_2_letters,data/sentences/15tok.txt,0.053381630275730015,15tok
0.37,0.08547225526495539,-0.312855598449707,True,qwen3_14b,localization_minimal_prefilled_2_letters,data/sentences/15tok.txt,0.04947937406572166,15tok
0.39,0.08619771841392608,-0.2617959671020508,True,qwen3_14b,localization_minimal_prefilled_2_letters,data/sentences/15tok.txt,0.04655231529213718,15tok
0.41,0.08687244132726453,-0.2143075408935547,True,qwen3_14b,localization_minimal_prefilled_2_letters,data/sentences/15tok.txt,0.04273482510136504,15tok
0.43,0.08727592015591056,-0.18590984725952148,True,qwen3_14b,localization_minimal_prefilled_2_letters,data/sentences/15tok.txt,0.039799044779062875,15tok
0.45,0.08733670475443372,-0.18163169860839845,True,qwen3_14b,localization_minimal_prefilled_2_letters,data/sentences/15tok.txt,0.038378838651046875,15tok
0.47,0.08853352572184695,-0.1581096076965332,True,qwen3_14b,localization_minimal_prefilled_2_letters,data/sentences/15tok.txt,0.03654730445316139,15tok
0.49,0.08854116506313042,-0.15802069473266603,True,qwen3_14b,localization_minimal_prefilled_2_letters,data/sentences/15tok.txt,0.03511927263561535,15tok
0.51,0.08854116506313042,-0.15802069473266603,True,qwen3_14b,localization_minimal_prefilled_2_letters,data/sentences/15tok.txt,0.03730708874532598,15tok
0.53,0.08858377992299302,-0.15752470779418945,True,qwen3_14b,localization_minimal_prefilled_2_letters,data/sentences/15tok.txt,0.03575994713093349,15tok
0.55,0.09108792472777553,-0.12837940216064453,True,qwen3_14b,localization_minimal_prefilled_2_letters,data/sentences/15tok.txt,0.03165481791657233,15tok
0.05,0.041869210307707676,-2.6065788650512696,True,qwen3_14b,localization_minimal_prefilled_2_letters,data/sentences/19tok.txt,0.10928109701039679,19tok
0.07,0.04787809619628937,-2.495492519378662,True,qwen3_14b,localization_minimal_prefilled_2_letters,data/sentences/19tok.txt,0.10784494952785062,19tok
0.09,0.05270728309453387,-2.3382851524353025,True,qwen3_14b,localization_minimal_prefilled_2_letters,data/sentences/19tok.txt,0.10474252536769794,19tok
0.11,0.05652168234624577,-2.1720588340759277,True,qwen3_14b,localization_minimal_prefilled_2_letters,data/sentences/19tok.txt,0.10146538643162037,19tok
0.13,0.06041560826951683,-2.0023668518066406,True,qwen3_14b,localization_minimal_prefilled_2_letters,data/sentences/19tok.txt,0.097906110864764,19tok
0.15,0.06328791832517136,-1.8385907745361327,True,qwen3_14b,localization_minimal_prefilled_2_letters,data/sentences/19tok.txt,0.09475613872960711,19tok
0.17,0.06528708137401905,-1.6535192985534668,True,qwen3_14b,localization_minimal_prefilled_2_letters,data/sentences/19tok.txt,0.09020613941956175,19tok
0.19,0.0675215752169826,-1.4466621971130371,True,qwen3_14b,localization_minimal_prefilled_2_letters,data/sentences/19tok.txt,0.08501897179049313,19tok
0.21,0.06970100561879333,-1.2449025650024415,True,qwen3_14b,localization_minimal_prefilled_2_letters,data/sentences/19tok.txt,0.08040300078142523,19tok
0.23,0.07219250078416525,-1.0142537002563476,True,qwen3_14b,localization_minimal_prefilled_2_letters,data/sentences/19tok.txt,0.07311749640390883,19tok
0.25,0.07424991309487566,-0.8237898292541503,True,qwen3_14b,localization_minimal_prefilled_2_letters,data/sentences/19tok.txt,0.0671584441787574,19tok
0.27,0.07666326342469326,-0.6623255615234375,True,qwen3_14b,localization_minimal_prefilled_2_letters,data/sentences/19tok.txt,0.0618580652096969,19tok
0.29,0.07953670914995867,-0.5033429946899414,True,qwen3_14b,localization_minimal_prefilled_2_letters,data/sentences/19tok.txt,0.054551943832339675,19tok
0.31,0.08155033061024886,-0.3919329528808594,True,qwen3_14b,localization_minimal_prefilled_2_letters,data/sentences/19tok.txt,0.05105457936418547,19tok
0.33,0.08339805400437246,-0.2897017517089844,True,qwen3_14b,localization_minimal_prefilled_2_letters,data/sentences/19tok.txt,0.04443860121611692,19tok
0.35,0.08510528840269774,-0.1952435531616211,True,qwen3_14b,localization_minimal_prefilled_2_letters,data/sentences/19tok.txt,0.03601250256582591,19tok
0.37,0.08626004940412636,-0.13135271072387694,True,qwen3_14b,localization_minimal_prefilled_2_letters,data/sentences/19tok.txt,0.030421032882327628,19tok
0.39,0.08673331785029154,-0.10516762161254883,True,qwen3_14b,localization_minimal_prefilled_2_letters,data/sentences/19tok.txt,0.028587333840647714,19tok
0.41,0.08683671441031715,-0.0994468765258789,True,qwen3_14b,localization_minimal_prefilled_2_letters,data/sentences/19tok.txt,0.029658852115459565,19tok
0.43,0.08737277269778082,-0.06978773880004882,True,qwen3_14b,localization_minimal_prefilled_2_letters,data/sentences/19tok.txt,0.024688195076969437,19tok
0.45,0.08737277269778082,-0.06978773880004882,True,qwen3_14b,localization_minimal_prefilled_2_letters,data/sentences/19tok.txt,0.023047996319098995,19tok
0.47,0.09214590113345987,-0.04305183029174805,True,qwen3_14b,localization_minimal_prefilled_2_letters,data/sentences/19tok.txt,0.01609652700497989,19tok
0.49,0.0922265576552325,-0.042709880828857426,True,qwen3_14b,localization_minimal_prefilled_2_letters,data/sentences/19tok.txt,0.017806494640459795,19tok
0.51,0.0922265576552325,-0.042709880828857426,True,qwen3_14b,localization_minimal_prefilled_2_letters,data/sentences/19tok.txt,0.016691605939174046,19tok
0.53,0.0922265576552325,-0.042709880828857426,True,qwen3_14b,localization_minimal_prefilled_2_letters,data/sentences/19tok.txt,0.019152523318453175,19tok
0.55,0.0922265576552325,-0.042709880828857426,True,qwen3_14b,localization_minimal_prefilled_2_letters,data/sentences/19tok.txt,0.018655556323860498,19tok
0.57,0.09332015985467573,-0.03807347106933594,True,qwen3_14b,localization_minimal_prefilled_2_letters,data/sentences/19tok.txt,0.01844031783754638,19tok
0.05,0.04327761186144808,-2.610415340423584,True,qwen3_14b,localization_minimal_prefilled_2_letters,data/sentences/23tok.txt,0.11113114421504335,23tok
0.07,0.05032025457452551,-2.4708664131164553,True,qwen3_14b,localization_minimal_prefilled_2_letters,data/sentences/23tok.txt,0.10909066676476892,23tok
0.09,0.05309499571858125,-2.3374244804382323,True,qwen3_14b,localization_minimal_prefilled_2_letters,data/sentences/23tok.txt,0.10683742834546046,23tok
0.11,0.05593687249059298,-2.2007538833618163,True,qwen3_14b,localization_minimal_prefilled_2_letters,data/sentences/23tok.txt,0.10428589015889547,23tok
0.13,0.05959061994546358,-2.0250390701293943,True,qwen3_14b,localization_minimal_prefilled_2_letters,data/sentences/23tok.txt,0.1013755934234209,23tok
0.15,0.06316017018160429,-1.8269304733276368,True,qwen3_14b,localization_minimal_prefilled_2_letters,data/sentences/23tok.txt,0.09660307121914775,23tok
0.17,0.0654855908307635,-1.621952911376953,True,qwen3_14b,localization_minimal_prefilled_2_letters,data/sentences/23tok.txt,0.09255383699461403,23tok
0.19,0.06756603853106459,-1.4385688438415527,True,qwen3_14b,localization_minimal_prefilled_2_letters,data/sentences/23tok.txt,0.0886650905647365,23tok
0.21,0.070050475461754,-1.2195745620727538,True,qwen3_14b,localization_minimal_prefilled_2_letters,data/sentences/23tok.txt,0.08249585080673033,23tok
0.23,0.07239603376448707,-1.0128219375610352,True,qwen3_14b,localization_minimal_prefilled_2_letters,data/sentences/23tok.txt,0.07664756335914627,23tok
0.25,0.07395207298517635,-0.8756626129150391,True,qwen3_14b,localization_minimal_prefilled_2_letters,data/sentences/23tok.txt,0.07154536712415843,23tok
0.27,0.07673957045925688,-0.6860477523803711,True,qwen3_14b,localization_minimal_prefilled_2_letters,data/sentences/23tok.txt,0.06363511962994237,23tok
0.29,0.08011531073542866,-0.49734031677246093,True,qwen3_14b,localization_minimal_prefilled_2_letters,data/sentences/23tok.txt,0.05366122551441645,23tok
0.31,0.08260217545835692,-0.35832196044921877,True,qwen3_14b,localization_minimal_prefilled_2_letters,data/sentences/23tok.txt,0.04678997785928471,23tok
0.33,0.08462892736500088,-0.24502439498901368,True,qwen3_14b,localization_minimal_prefilled_2_letters,data/sentences/23tok.txt,0.04061696761916924,23tok
0.35,0.08585166705545365,-0.17667195892333984,True,qwen3_14b,localization_minimal_prefilled_2_letters,data/sentences/23tok.txt,0.034226434587876546,23tok
0.37,0.08682902526780581,-0.12203660583496094,True,qwen3_14b,localization_minimal_prefilled_2_letters,data/sentences/23tok.txt,0.028366717638301658,23tok
0.39,0.08729583517422561,-0.0959414405822754,True,qwen3_14b,localization_minimal_prefilled_2_letters,data/sentences/23tok.txt,0.02524004429848384,23tok
0.41,0.08820915433643411,-0.0797335319519043,True,qwen3_14b,localization_minimal_prefilled_2_letters,data/sentences/23tok.txt,0.025024200183607487,23tok
0.43,0.09163765861385202,-0.05655202484130859,True,qwen3_14b,localization_minimal_prefilled_2_letters,data/sentences/23tok.txt,0.022373617094092,23tok
0.45,0.09328271123738269,-0.04542915725708008,True,qwen3_14b,localization_minimal_prefilled_2_letters,data/sentences/23tok.txt,0.01916660923816296,23tok
0.47,0.09340721321255638,-0.04458734893798828,True,qwen3_14b,localization_minimal_prefilled_2_letters,data/sentences/23tok.txt,0.019429662254761643,23tok
0.49,0.09371328581042963,-0.04251786804199219,True,qwen3_14b,localization_minimal_prefilled_2_letters,data/sentences/23tok.txt,0.019128060207594395,23tok
0.51,0.09428792723684251,-0.038632484436035154,True,qwen3_14b,localization_minimal_prefilled_2_letters,data/sentences/23tok.txt,0.016205502269604988,23tok
0.53,0.09515945009005103,-0.032739765167236326,True,qwen3_14b,localization_minimal_prefilled_2_letters,data/sentences/23tok.txt,0.014641034522036226,23tok
0.05,0.038486437040414524,-3.215662109375,True,qwen3_14b,localization_minimal_prefilled_2_letters,data/sentences/3tok.txt,0.13551850688525527,3tok
0.07,0.045493335625132005,-3.12589139175415,True,qwen3_14b,localization_minimal_prefilled_2_letters,data/sentences/3tok.txt,0.13402034581341246,3tok
0.09,0.0501391033918778,-3.065087657928467,True,qwen3_14b,localization_minimal_prefilled_2_letters,data/sentences/3tok.txt,0.13331219912041628,3tok
0.11,0.053524878413018666,-2.9904753189086914,True,qwen3_14b,localization_minimal_prefilled_2_letters,data/sentences/3tok.txt,0.13180896525088096,3tok
0.13,0.058620765068897664,-2.878177242279053,True,qwen3_14b,localization_minimal_prefilled_2_letters,data/sentences/3tok.txt,0.12954704173379356,3tok
0.15,0.06290128653518401,-2.7762900314331054,True,qwen3_14b,localization_minimal_prefilled_2_letters,data/sentences/3tok.txt,0.12752735265644344,3tok
0.17,0.06555629539275835,-2.6677803955078123,True,qwen3_14b,localization_minimal_prefilled_2_letters,data/sentences/3tok.txt,0.12514347222745995,3tok
0.19,0.06805154262994895,-2.5658001823425294,True,qwen3_14b,localization_minimal_prefilled_2_letters,data/sentences/3tok.txt,0.12272504370415235,3tok
0.21,0.07073598632204892,-2.4560875511169433,True,qwen3_14b,localization_minimal_prefilled_2_letters,data/sentences/3tok.txt,0.11963270261631222,3tok
0.23,0.07233925935901321,-2.390562129974365,True,qwen3_14b,localization_minimal_prefilled_2_letters,data/sentences/3tok.txt,0.11798691895321851,3tok
0.25,0.07518619017517329,-2.2702728080749512,True,qwen3_14b,localization_minimal_prefilled_2_letters,data/sentences/3tok.txt,0.11506980864846528,3tok
0.27,0.07693319084844319,-2.161943393707275,True,qwen3_14b,localization_minimal_prefilled_2_letters,data/sentences/3tok.txt,0.11274036687692181,3tok
0.29,0.07868872046653534,-2.0530851097106932,True,qwen3_14b,localization_minimal_prefilled_2_letters,data/sentences/3tok.txt,0.109703518576396,3tok
0.31,0.07984676409520342,-1.9812762145996095,True,qwen3_14b,localization_minimal_prefilled_2_letters,data/sentences/3tok.txt,0.1083915297553598,3tok
0.33,0.08098203136866176,-1.910879653930664,True,qwen3_14b,localization_minimal_prefilled_2_letters,data/sentences/3tok.txt,0.10660240110770487,3tok
0.35,0.08248960941488022,-1.8173965492248536,True,qwen3_14b,localization_minimal_prefilled_2_letters,data/sentences/3tok.txt,0.10325852335673788,3tok
0.37,0.08339730255214671,-1.761111587524414,True,qwen3_14b,localization_minimal_prefilled_2_letters,data/sentences/3tok.txt,0.10061704828963619,3tok
0.39,0.08489810001340908,-1.6680489387512207,True,qwen3_14b,localization_minimal_prefilled_2_letters,data/sentences/3tok.txt,0.0981484106195329,3tok
0.41,0.08644254624457369,-1.5722796821594238,True,qwen3_14b,localization_minimal_prefilled_2_letters,data/sentences/3tok.txt,0.09437842708088913,3tok
0.43,0.086896742085309,-1.5441155433654785,True,qwen3_14b,localization_minimal_prefilled_2_letters,data/sentences/3tok.txt,0.0926136498351534,3tok
0.45,0.088208774591863,-1.4720904032389324,True,qwen3_14b,localization_minimal_prefilled_2_letters,data/sentences/3tok.txt,0.08872921002138877,3tok
0.47,0.088208774591863,-1.4720904032389324,True,qwen3_14b,localization_minimal_prefilled_2_letters,data/sentences/3tok.txt,0.08769924770606709,3tok
0.49,0.088208774591863,-1.4720904032389324,True,qwen3_14b,localization_minimal_prefilled_2_letters,data/sentences/3tok.txt,0.08870980689449082,3tok
0.51,0.08871277406594386,-1.447474151611328,True,qwen3_14b,localization_minimal_prefilled_2_letters,data/sentences/3tok.txt,0.08915593853915317,3tok
0.53,0.08900593527905261,-1.4331556243896484,True,qwen3_14b,localization_minimal_prefilled_2_letters,data/sentences/3tok.txt,0.08637216106839568,3tok
0.09,0.05290615157664014,-3.050292476654053,True,qwen3_14b,localization_minimal_prefilled_2_letters,data/sentences/7tok.txt,0.12857011323375944,7tok
0.11,0.056269672704914966,-2.943074680328369,True,qwen3_14b,localization_minimal_prefilled_2_letters,data/sentences/7tok.txt,0.12624603499075335,7tok
0.13,0.06027339201359013,-2.815449508666992,True,qwen3_14b,localization_minimal_prefilled_2_letters,data/sentences/7tok.txt,0.12384087229926538,7tok
0.15,0.0640796385462882,-2.6307462310791014,True,qwen3_14b,localization_minimal_prefilled_2_letters,data/sentences/7tok.txt,0.12039599917106908,7tok
0.17,0.06644080905109392,-2.460753177642822,True,qwen3_14b,localization_minimal_prefilled_2_letters,data/sentences/7tok.txt,0.1182773162232421,7tok
0.19,0.06900710486585102,-2.2759920768737794,True,qwen3_14b,localization_minimal_prefilled_2_letters,data/sentences/7tok.txt,0.11460485075062886,7tok
0.21,0.07089553699700558,-2.1400339393615724,True,qwen3_14b,localization_minimal_prefilled_2_letters,data/sentences/7tok.txt,0.11154524392608632,7tok
0.23,0.07354230169232202,-1.9494794616699218,True,qwen3_14b,localization_minimal_prefilled_2_letters,data/sentences/7tok.txt,0.10771110663894294,7tok
0.25,0.07538032728951699,-1.80606990814209,True,qwen3_14b,localization_minimal_prefilled_2_letters,data/sentences/7tok.txt,0.10424170146629251,7tok
0.27,0.07750414260513369,-1.5912901115417482,True,qwen3_14b,localization_minimal_prefilled_2_letters,data/sentences/7tok.txt,0.09831617134455281,7tok
0.29,0.07913803217701777,-1.426056125640869,True,qwen3_14b,localization_minimal_prefilled_2_letters,data/sentences/7tok.txt,0.09234246077346567,7tok
0.31,0.08092318427407519,-1.2455250778198241,True,qwen3_14b,localization_minimal_prefilled_2_letters,data/sentences/7tok.txt,0.08630032992897237,7tok
0.33,0.08262152880483725,-1.0737728118896483,True,qwen3_14b,localization_minimal_prefilled_2_letters,data/sentences/7tok.txt,0.0803704450916429,7tok
0.35,0.08406706394512764,-0.9275869636535644,True,qwen3_14b,localization_minimal_prefilled_2_letters,data/sentences/7tok.txt,0.07383334684060532,7tok
0.37,0.08516070850168123,-0.8169875373840332,True,qwen3_14b,localization_minimal_prefilled_2_letters,data/sentences/7tok.txt,0.0703949495225848,7tok
0.39,0.08621134600588923,-0.7107373809814453,True,qwen3_14b,localization_minimal_prefilled_2_letters,data/sentences/7tok.txt,0.0641964546833931,7tok
0.41,0.08731463197908684,-0.5991629257202148,True,qwen3_14b,localization_minimal_prefilled_2_letters,data/sentences/7tok.txt,0.059419716864418326,7tok
0.43,0.0882076571154298,-0.5526260185241699,True,qwen3_14b,localization_minimal_prefilled_2_letters,data/sentences/7tok.txt,0.05546754314143664,7tok
0.45,0.08862637480503356,-0.5361823310852051,True,qwen3_14b,localization_minimal_prefilled_2_letters,data/sentences/7tok.txt,0.05498261940450977,7tok
0.47,0.09014230198702142,-0.47664953994750975,True,qwen3_14b,localization_minimal_prefilled_2_letters,data/sentences/7tok.txt,0.05142599991962925,7tok
0.49,0.09038945623130794,-0.46694341278076174,True,qwen3_14b,localization_minimal_prefilled_2_letters,data/sentences/7tok.txt,0.05140752491139974,7tok
0.51,0.09095054893510722,-0.44490843963623045,True,qwen3_14b,localization_minimal_prefilled_2_letters,data/sentences/7tok.txt,0.04863373746629581,7tok
0.09,0.09818958654012125,-1.13695902633667,True,qwen3_32b,localization_introspective_prefilled_2_letters,data/sentences/11tok.txt,0.04324951832144575,11tok
0.11,0.10511482886725138,-1.094480598449707,True,qwen3_32b,localization_introspective_prefilled_2_letters,data/sentences/11tok.txt,0.042492846639839446,11tok
0.13,0.11206697891266926,-1.046808307647705,True,qwen3_32b,localization_introspective_prefilled_2_letters,data/sentences/11tok.txt,0.04194093913320873,11tok
0.15,0.11670452367682008,-0.9946350498199463,True,qwen3_32b,localization_introspective_prefilled_2_letters,data/sentences/11tok.txt,0.0408981500093719,11tok
0.17,0.12158522640550026,-0.9375180377960205,True,qwen3_32b,localization_introspective_prefilled_2_letters,data/sentences/11tok.txt,0.040015654195298074,11tok
0.19,0.12562777546443604,-0.8864747581481933,True,qwen3_32b,localization_introspective_prefilled_2_letters,data/sentences/11tok.txt,0.038722289292223315,11tok
0.21,0.1287036798480122,-0.832178955078125,True,qwen3_32b,localization_introspective_prefilled_2_letters,data/sentences/11tok.txt,0.037776798875352895,11tok
0.23,0.13215179392499832,-0.7713129138946533,True,qwen3_32b,localization_introspective_prefilled_2_letters,data/sentences/11tok.txt,0.03654636984042517,11tok
0.25,0.1362102522555039,-0.6996730880737305,True,qwen3_32b,localization_introspective_prefilled_2_letters,data/sentences/11tok.txt,0.034252313513606546,11tok
0.27,0.14028664434656277,-0.6217959270477295,True,qwen3_32b,localization_introspective_prefilled_2_letters,data/sentences/11tok.txt,0.032982770297150577,11tok
0.29,0.1437997721822341,-0.5523179397583008,True,qwen3_32b,localization_introspective_prefilled_2_letters,data/sentences/11tok.txt,0.03055815364460307,11tok
0.31,0.14682057493225922,-0.49257650566101074,True,qwen3_32b,localization_introspective_prefilled_2_letters,data/sentences/11tok.txt,0.028843425139323916,11tok
0.33,0.14893084972251455,-0.45084228706359863,True,qwen3_32b,localization_introspective_prefilled_2_letters,data/sentences/11tok.txt,0.028271998522515156,11tok
0.35,0.15347907603736138,-0.37128286743164063,True,qwen3_32b,localization_introspective_prefilled_2_letters,data/sentences/11tok.txt,0.025379779168750498,11tok
0.37,0.15673704445422149,-0.3165801773071289,True,qwen3_32b,localization_introspective_prefilled_2_letters,data/sentences/11tok.txt,0.02335659451686096,11tok
0.39,0.15977187969591639,-0.2656239891052246,True,qwen3_32b,localization_introspective_prefilled_2_letters,data/sentences/11tok.txt,0.020759457250318875,11tok
0.41,0.16208992531663743,-0.22670300674438476,True,qwen3_32b,localization_introspective_prefilled_2_letters,data/sentences/11tok.txt,0.019721885163278798,11tok
0.43,0.16839799802976393,-0.17339610862731933,True,qwen3_32b,localization_introspective_prefilled_2_letters,data/sentences/11tok.txt,0.01562634366719518,11tok
0.45,0.17078907646512026,-0.15457656860351562,True,qwen3_32b,localization_introspective_prefilled_2_letters,data/sentences/11tok.txt,0.013942534932959655,11tok
0.47,0.17287504946527868,-0.13815843200683595,True,qwen3_32b,localization_introspective_prefilled_2_letters,data/sentences/11tok.txt,0.013746991175070751,11tok
0.49,0.1777679343531343,-0.11443146373914637,True,qwen3_32b,localization_introspective_prefilled_2_letters,data/sentences/11tok.txt,0.011121134180457052,11tok
0.51,0.1777679343531343,-0.11443146373914637,True,qwen3_32b,localization_introspective_prefilled_2_letters,data/sentences/11tok.txt,0.010559855844088707,11tok
0.53,0.1777679343531343,-0.11443146373914637,True,qwen3_32b,localization_introspective_prefilled_2_letters,data/sentences/11tok.txt,0.01035836644956752,11tok
0.55,0.1777679343531343,-0.11443146373914637,True,qwen3_32b,localization_introspective_prefilled_2_letters,data/sentences/11tok.txt,0.012212461356379465,11tok
0.57,0.1777679343531343,-0.11443146373914637,True,qwen3_32b,localization_introspective_prefilled_2_letters,data/sentences/11tok.txt,0.009652975296831215,11tok
0.59,0.1777679343531343,-0.11443146373914637,True,qwen3_32b,localization_introspective_prefilled_2_letters,data/sentences/11tok.txt,0.010190294200615149,11tok
0.61,0.1777679343531343,-0.11443146373914637,True,qwen3_32b,localization_introspective_prefilled_2_letters,data/sentences/11tok.txt,0.010401564515724257,11tok
0.63,0.1777679343531343,-0.11443146373914637,True,qwen3_32b,localization_introspective_prefilled_2_letters,data/sentences/11tok.txt,0.011010208715245407,11tok
0.65,0.1777679343531343,-0.11443146373914637,True,qwen3_32b,localization_introspective_prefilled_2_letters,data/sentences/11tok.txt,0.011444333162610046,11tok
0.67,0.1777679343531343,-0.11443146373914637,True,qwen3_32b,localization_introspective_prefilled_2_letters,data/sentences/11tok.txt,0.011781211964548035,11tok
0.69,0.1777679343531343,-0.11443146373914637,True,qwen3_32b,localization_introspective_prefilled_2_letters,data/sentences/11tok.txt,0.010951434075784494,11tok
0.71,0.1777679343531343,-0.11443146373914637,True,qwen3_32b,localization_introspective_prefilled_2_letters,data/sentences/11tok.txt,0.010896005898888358,11tok
0.73,0.1777679343531343,-0.11443146373914637,True,qwen3_32b,localization_introspective_prefilled_2_letters,data/sentences/11tok.txt,0.010627678381095724,11tok
0.75,0.1777679343531343,-0.11443146373914637,True,qwen3_32b,localization_introspective_prefilled_2_letters,data/sentences/11tok.txt,0.013337353494710592,11tok
0.77,0.1777679343531343,-0.11443146373914637,True,qwen3_32b,localization_introspective_prefilled_2_letters,data/sentences/11tok.txt,0.012323468825163775,11tok
0.79,0.1777679343531343,-0.11443146373914637,True,qwen3_32b,localization_introspective_prefilled_2_letters,data/sentences/11tok.txt,0.014399284770170724,11tok
0.81,0.1777679343531343,-0.11443146373914637,True,qwen3_32b,localization_introspective_prefilled_2_letters,data/sentences/11tok.txt,0.01471252639977516,11tok
0.83,0.1777679343531343,-0.11443146373914637,True,qwen3_32b,localization_introspective_prefilled_2_letters,data/sentences/11tok.txt,0.014719855445327766,11tok
0.85,0.1777679343531343,-0.11443146373914637,True,qwen3_32b,localization_introspective_prefilled_2_letters,data/sentences/11tok.txt,0.01569593770433206,11tok
0.87,0.1777679343531343,-0.11443146373914637,True,qwen3_32b,localization_introspective_prefilled_2_letters,data/sentences/11tok.txt,0.014877013739543915,11tok
0.89,0.1777679343531343,-0.11443146373914637,True,qwen3_32b,localization_introspective_prefilled_2_letters,data/sentences/11tok.txt,0.015604637295135112,11tok
0.91,0.1777679343531343,-0.11443146373914637,True,qwen3_32b,localization_introspective_prefilled_2_letters,data/sentences/11tok.txt,0.014296781020704636,11tok
0.93,0.1777679343531343,-0.11443146373914637,True,qwen3_32b,localization_introspective_prefilled_2_letters,data/sentences/11tok.txt,0.015133827709421276,11tok
0.95,0.17813346702329386,-0.11350677490234375,True,qwen3_32b,localization_introspective_prefilled_2_letters,data/sentences/11tok.txt,0.015739758757716715,11tok
0.97,0.1901391666490249,-0.08553221702575683,True,qwen3_32b,localization_introspective_prefilled_2_letters,data/sentences/11tok.txt,0.01326483346253127,11tok
0.05,0.0797892062294059,-1.2328168201446532,True,qwen3_32b,localization_introspective_prefilled_2_letters,data/sentences/15tok.txt,0.04412197223976046,15tok
0.07,0.09328731837247278,-1.1855802841186522,True,qwen3_32b,localization_introspective_prefilled_2_letters,data/sentences/15tok.txt,0.04348332164930943,15tok
0.09,0.1002705428912631,-1.1523505897521973,True,qwen3_32b,localization_introspective_prefilled_2_letters,data/sentences/15tok.txt,0.04328810101157821,15tok
0.11,0.10641400344990909,-1.1003494377136231,True,qwen3_32b,localization_introspective_prefilled_2_letters,data/sentences/15tok.txt,0.04262397006762238,15tok
0.13,0.11084895626982076,-1.0628099021911621,True,qwen3_32b,localization_introspective_prefilled_2_letters,data/sentences/15tok.txt,0.041917962446895635,15tok
0.15,0.11513090624978428,-1.0062054252624513,True,qwen3_32b,localization_introspective_prefilled_2_letters,data/sentences/15tok.txt,0.040839214061179505,15tok
0.17,0.11952774759306452,-0.9349622535705566,True,qwen3_32b,localization_introspective_prefilled_2_letters,data/sentences/15tok.txt,0.03954305147261144,15tok
0.19,0.12337060169311906,-0.8726954822540283,True,qwen3_32b,localization_introspective_prefilled_2_letters,data/sentences/15tok.txt,0.03837335671633831,15tok
0.21,0.12731260645765555,-0.7984892368316651,True,qwen3_32b,localization_introspective_prefilled_2_letters,data/sentences/15tok.txt,0.03648867915089936,15tok
0.23,0.1308928900938605,-0.7244799709320069,True,qwen3_32b,localization_introspective_prefilled_2_letters,data/sentences/15tok.txt,0.03431938830917438,15tok
0.25,0.1341794800189418,-0.656541748046875,True,qwen3_32b,localization_introspective_prefilled_2_letters,data/sentences/15tok.txt,0.03282618529310316,15tok
0.27,0.1377589307718161,-0.5827122802734375,True,qwen3_32b,localization_introspective_prefilled_2_letters,data/sentences/15tok.txt,0.030518127320562683,15tok
0.29,0.14074986969453535,-0.5227635555267334,True,qwen3_32b,localization_introspective_prefilled_2_letters,data/sentences/15tok.txt,0.029136539637249735,15tok
0.31,0.14456985291777813,-0.44619792556762694,True,qwen3_32b,localization_introspective_prefilled_2_letters,data/sentences/15tok.txt,0.027278842871974476,15tok
0.33,0.14882838104178778,-0.3608423442840576,True,qwen3_32b,localization_introspective_prefilled_2_letters,data/sentences/15tok.txt,0.024416398288983936,15tok
0.35,0.15235924908604614,-0.3061732063293457,True,qwen3_32b,localization_introspective_prefilled_2_letters,data/sentences/15tok.txt,0.021464173291142967,15tok
0.37,0.1564448692760285,-0.2521672248840332,True,qwen3_32b,localization_introspective_prefilled_2_letters,data/sentences/15tok.txt,0.020776857723539155,15tok
0.39,0.1596889217941777,-0.20928554916381836,True,qwen3_32b,localization_introspective_prefilled_2_letters,data/sentences/15tok.txt,0.018029724191847608,15tok
0.41,0.1650103428610197,-0.15692827796936035,True,qwen3_32b,localization_introspective_prefilled_2_letters,data/sentences/15tok.txt,0.01556688949198893,15tok
0.43,0.1729369527842286,-0.10893656158447265,True,qwen3_32b,localization_introspective_prefilled_2_letters,data/sentences/15tok.txt,0.011280788216336546,15tok
0.45,0.17448609324753575,-0.09955727958679199,True,qwen3_32b,localization_introspective_prefilled_2_letters,data/sentences/15tok.txt,0.012187721938364881,15tok
0.47,0.180852700794126,-0.08014089393615723,True,qwen3_32b,localization_introspective_prefilled_2_letters,data/sentences/15tok.txt,0.0095645716144237,15tok
0.49,0.18107877979396583,-0.07951106452941895,True,qwen3_32b,localization_introspective_prefilled_2_letters,data/sentences/15tok.txt,0.010122181128275561,15tok
0.51,0.18410546935562824,-0.0710790646870931,True,qwen3_32b,localization_introspective_prefilled_2_letters,data/sentences/15tok.txt,0.008083060676597194,15tok
0.53,0.18410546935562824,-0.0710790646870931,True,qwen3_32b,localization_introspective_prefilled_2_letters,data/sentences/15tok.txt,0.009139300657547806,15tok
0.55,0.18410546935562824,-0.0710790646870931,True,qwen3_32b,localization_introspective_prefilled_2_letters,data/sentences/15tok.txt,0.009494431236068067,15tok
0.57,0.1894051595785011,-0.05868537521362305,True,qwen3_32b,localization_introspective_prefilled_2_letters,data/sentences/15tok.txt,0.006525185160183435,15tok
0.05,0.08347804503532523,-1.1264163913726806,True,qwen3_32b,localization_introspective_prefilled_2_letters,data/sentences/19tok.txt,0.03952618001711895,19tok
0.07,0.09458389536752573,-1.0830638828277588,True,qwen3_32b,localization_introspective_prefilled_2_letters,data/sentences/19tok.txt,0.03849368868751781,19tok
0.09,0.10244242926347805,-1.038671667098999,True,qwen3_32b,localization_introspective_prefilled_2_letters,data/sentences/19tok.txt,0.03796315725214698,19tok
0.11,0.11010009522522266,-0.9699012966156005,True,qwen3_32b,localization_introspective_prefilled_2_letters,data/sentences/19tok.txt,0.03662287921615925,19tok
0.13,0.11421050621210851,-0.9233277568817139,True,qwen3_32b,localization_introspective_prefilled_2_letters,data/sentences/19tok.txt,0.035603920039858766,19tok
0.15,0.11890868338282069,-0.8546036720275879,True,qwen3_32b,localization_introspective_prefilled_2_letters,data/sentences/19tok.txt,0.034675973372456155,19tok
0.17,0.1221432333494748,-0.8072892608642578,True,qwen3_32b,localization_introspective_prefilled_2_letters,data/sentences/19tok.txt,0.03390206764227808,19tok
0.19,0.12592545834866778,-0.7456872196197509,True,qwen3_32b,localization_introspective_prefilled_2_letters,data/sentences/19tok.txt,0.032769149014114395,19tok
0.21,0.1292227489043553,-0.6750932521820069,True,qwen3_32b,localization_introspective_prefilled_2_letters,data/sentences/19tok.txt,0.030736069481205334,19tok
0.23,0.13250031455227362,-0.6049215888977051,True,qwen3_32b,localization_introspective_prefilled_2_letters,data/sentences/19tok.txt,0.029249103042143877,19tok
0.25,0.135424282481925,-0.5423203430175781,True,qwen3_32b,localization_introspective_prefilled_2_letters,data/sentences/19tok.txt,0.028132276594193994,19tok
0.27,0.1392588703971843,-0.46504883003234865,True,qwen3_32b,localization_introspective_prefilled_2_letters,data/sentences/19tok.txt,0.025939073911345627,19tok
0.29,0.14295388482572877,-0.3960777530670166,True,qwen3_32b,localization_introspective_prefilled_2_letters,data/sentences/19tok.txt,0.023392929283538772,19tok
0.31,0.1468222998411657,-0.3238699836730957,True,qwen3_32b,localization_introspective_prefilled_2_letters,data/sentences/19tok.txt,0.020909713096745722,19tok
0.33,0.14978781519194564,-0.2685157241821289,True,qwen3_32b,localization_introspective_prefilled_2_letters,data/sentences/19tok.txt,0.019100578152708943,19tok
0.35,0.15410783463965408,-0.21606769371032714,True,qwen3_32b,localization_introspective_prefilled_2_letters,data/sentences/19tok.txt,0.01612256393701859,19tok
0.37,0.15872196096942098,-0.16160421752929688,True,qwen3_32b,localization_introspective_prefilled_2_letters,data/sentences/19tok.txt,0.013246977721055044,19tok
0.39,0.16226113312705243,-0.11982911109924316,True,qwen3_32b,localization_introspective_prefilled_2_letters,data/sentences/19tok.txt,0.010457834694267327,19tok
0.41,0.1688911059171007,-0.0854946002960205,True,qwen3_32b,localization_introspective_prefilled_2_letters,data/sentences/19tok.txt,0.007898305767591651,19tok
0.43,0.17083772791877086,-0.0758956642150879,True,qwen3_32b,localization_introspective_prefilled_2_letters,data/sentences/19tok.txt,0.008361486233122547,19tok
0.45,0.17799670454250388,-0.05070452117919922,True,qwen3_32b,localization_introspective_prefilled_2_letters,data/sentences/19tok.txt,0.005821817121032262,19tok
0.47,0.18307699656515983,-0.04279314231872558,True,qwen3_32b,localization_introspective_prefilled_2_letters,data/sentences/19tok.txt,0.004947400826584633,19tok
0.49,0.18307699656515983,-0.04279314231872558,True,qwen3_32b,localization_introspective_prefilled_2_letters,data/sentences/19tok.txt,0.005545862102919404,19tok
0.51,0.18695719751139436,-0.036750627517700196,True,qwen3_32b,localization_introspective_prefilled_2_letters,data/sentences/19tok.txt,0.004116575386927229,19tok
0.05,0.08910844697595804,-1.0931179466247558,True,qwen3_32b,localization_introspective_prefilled_2_letters,data/sentences/23tok.txt,0.03876956235475431,23tok
0.07,0.09867177071310665,-1.047360969543457,True,qwen3_32b,localization_introspective_prefilled_2_letters,data/sentences/23tok.txt,0.03773256911402436,23tok
0.09,0.10585605334544967,-0.9889295902252198,True,qwen3_32b,localization_introspective_prefilled_2_letters,data/sentences/23tok.txt,0.036543904050544154,23tok
0.11,0.11108758547297642,-0.9424069957733154,True,qwen3_32b,localization_introspective_prefilled_2_letters,data/sentences/23tok.txt,0.036179126415816484,23tok
0.13,0.1148781261150307,-0.8937313060760498,True,qwen3_32b,localization_introspective_prefilled_2_letters,data/sentences/23tok.txt,0.035494953149843994,23tok
0.15,0.118680323643349,-0.8359891395568848,True,qwen3_32b,localization_introspective_prefilled_2_letters,data/sentences/23tok.txt,0.0346962305608275,23tok
0.17,0.12343127564696196,-0.7638386898040771,True,qwen3_32b,localization_introspective_prefilled_2_letters,data/sentences/23tok.txt,0.033467362418555635,23tok
0.19,0.12694793215388464,-0.6984909038543701,True,qwen3_32b,localization_introspective_prefilled_2_letters,data/sentences/23tok.txt,0.03212147120554535,23tok
0.21,0.1297181139861534,-0.6394385890960693,True,qwen3_32b,localization_introspective_prefilled_2_letters,data/sentences/23tok.txt,0.030924230112539204,23tok
0.23,0.13301089319500536,-0.569246000289917,True,qwen3_32b,localization_introspective_prefilled_2_letters,data/sentences/23tok.txt,0.0290813385833154,23tok
0.25,0.13671066994285258,-0.4903773937225342,True,qwen3_32b,localization_introspective_prefilled_2_letters,data/sentences/23tok.txt,0.02692373123891644,23tok
0.27,0.1413847251455131,-0.4012434368133545,True,qwen3_32b,localization_introspective_prefilled_2_letters,data/sentences/23tok.txt,0.0240683868712529,23tok
0.29,0.14526698993509685,-0.32898152351379395,True,qwen3_32b,localization_introspective_prefilled_2_letters,data/sentences/23tok.txt,0.022707482717722858,23tok
0.31,0.1476879092588434,-0.28392012977600095,True,qwen3_32b,localization_introspective_prefilled_2_letters,data/sentences/23tok.txt,0.0212565160382329,23tok
0.33,0.15155994168385553,-0.22606689834594726,True,qwen3_32b,localization_introspective_prefilled_2_letters,data/sentences/23tok.txt,0.018327348998062182,23tok
0.35,0.1564346014665878,-0.17976370811462403,True,qwen3_32b,localization_introspective_prefilled_2_letters,data/sentences/23tok.txt,0.01586851366974596,23tok
0.37,0.1609469869164733,-0.13690167236328124,True,qwen3_32b,localization_introspective_prefilled_2_letters,data/sentences/23tok.txt,0.013499171716723195,23tok
0.39,0.1658083314355719,-0.10707423210144043,True,qwen3_32b,localization_introspective_prefilled_2_letters,data/sentences/23tok.txt,0.011829521058583006,23tok
0.41,0.17269074787806496,-0.07571171379089356,True,qwen3_32b,localization_introspective_prefilled_2_letters,data/sentences/23tok.txt,0.010927601722905534,23tok
0.43,0.17658228170620277,-0.06155228614807129,True,qwen3_32b,localization_introspective_prefilled_2_letters,data/sentences/23tok.txt,0.008377072662635278,23tok
0.45,0.1828285499038537,-0.04719717121124267,True,qwen3_32b,localization_introspective_prefilled_2_letters,data/sentences/23tok.txt,0.0061690373057892035,23tok
0.47,0.1828285499038537,-0.04719717121124267,True,qwen3_32b,localization_introspective_prefilled_2_letters,data/sentences/23tok.txt,0.0073347406171283165,23tok
0.49,0.1842972844795133,-0.04382173919677734,True,qwen3_32b,localization_introspective_prefilled_2_letters,data/sentences/23tok.txt,0.007133157459390481,23tok
0.51,0.1863408216036972,-0.03912530136108398,True,qwen3_32b,localization_introspective_prefilled_2_letters,data/sentences/23tok.txt,0.005640668946313703,23tok
0.05,0.0786403761644151,-1.5456493034362793,True,qwen3_32b,localization_introspective_prefilled_2_letters,data/sentences/3tok.txt,0.058136037995560094,3tok
0.07,0.08971850333470963,-1.505894952774048,True,qwen3_32b,localization_introspective_prefilled_2_letters,data/sentences/3tok.txt,0.05709166650952025,3tok
0.09,0.09826758988394908,-1.4686363792419435,True,qwen3_32b,localization_introspective_prefilled_2_letters,data/sentences/3tok.txt,0.05657676701040565,3tok
0.11,0.10458460281431602,-1.4350648860931396,True,qwen3_32b,localization_introspective_prefilled_2_letters,data/sentences/3tok.txt,0.055987720034053994,3tok
0.13,0.11178024225635642,-1.394223834991455,True,qwen3_32b,localization_introspective_prefilled_2_letters,data/sentences/3tok.txt,0.05522489239269712,3tok
0.15,0.11624983394821707,-1.3602981052398682,True,qwen3_32b,localization_introspective_prefilled_2_letters,data/sentences/3tok.txt,0.05406593296373475,3tok
0.17,0.120659050706117,-1.3252103271484375,True,qwen3_32b,localization_introspective_prefilled_2_letters,data/sentences/3tok.txt,0.05351390681113642,3tok
0.19,0.12551636930782809,-1.2858795623779298,True,qwen3_32b,localization_introspective_prefilled_2_letters,data/sentences/3tok.txt,0.05258694326770092,3tok
0.21,0.1291611858832711,-1.252095615386963,True,qwen3_32b,localization_introspective_prefilled_2_letters,data/sentences/3tok.txt,0.051708739945263364,3tok
0.23,0.13584565622015524,-1.190136999130249,True,qwen3_32b,localization_introspective_prefilled_2_letters,data/sentences/3tok.txt,0.0498176562252607,3tok
0.25,0.14280643213420532,-1.1135746574401855,True,qwen3_32b,localization_introspective_prefilled_2_letters,data/sentences/3tok.txt,0.04800963855021594,3tok
0.27,0.147785449726798,-1.0561243591308593,True,qwen3_32b,localization_introspective_prefilled_2_letters,data/sentences/3tok.txt,0.04684302025237542,3tok
0.29,0.15243536873062408,-1.0000092697143554,True,qwen3_32b,localization_introspective_prefilled_2_letters,data/sentences/3tok.txt,0.044693346302960305,3tok
0.31,0.15598382776216713,-0.9554780521392823,True,qwen3_32b,localization_introspective_prefilled_2_letters,data/sentences/3tok.txt,0.04398230420015603,3tok
0.33,0.16202768916857505,-0.8796309013366699,True,qwen3_32b,localization_introspective_prefilled_2_letters,data/sentences/3tok.txt,0.0411038597881923,3tok
0.35,0.16596104943268083,-0.8329880142211914,True,qwen3_32b,localization_introspective_prefilled_2_letters,data/sentences/3tok.txt,0.039813705325871564,3tok
0.37,0.16794726027262222,-0.8096223106384277,True,qwen3_32b,localization_introspective_prefilled_2_letters,data/sentences/3tok.txt,0.038585841806943,3tok
0.39,0.17223877434222382,-0.759137113571167,True,qwen3_32b,localization_introspective_prefilled_2_letters,data/sentences/3tok.txt,0.03680568702198841,3tok
0.41,0.17824244573317916,-0.7016304111480713,True,qwen3_32b,localization_introspective_prefilled_2_letters,data/sentences/3tok.txt,0.035103045146097384,3tok
0.43,0.18157303344350426,-0.6759264144897461,True,qwen3_32b,localization_introspective_prefilled_2_letters,data/sentences/3tok.txt,0.034404754949682224,3tok
0.45,0.18621690651114856,-0.640087064743042,True,qwen3_32b,localization_introspective_prefilled_2_letters,data/sentences/3tok.txt,0.03309815076861839,3tok
0.47,0.1897821196677828,-0.6157516841888427,True,qwen3_32b,localization_introspective_prefilled_2_letters,data/sentences/3tok.txt,0.03290711899879055,3tok
0.49,0.19062913914395002,-0.6103947952270508,True,qwen3_32b,localization_introspective_prefilled_2_letters,data/sentences/3tok.txt,0.032294290652546936,3tok
0.51,0.19062913914395002,-0.6103947952270508,True,qwen3_32b,localization_introspective_prefilled_2_letters,data/sentences/3tok.txt,0.03290100685740851,3tok
0.53,0.19062913914395002,-0.6103947952270508,True,qwen3_32b,localization_introspective_prefilled_2_letters,data/sentences/3tok.txt,0.03271259734555628,3tok
0.55,0.19062913914395002,-0.6103947952270508,True,qwen3_32b,localization_introspective_prefilled_2_letters,data/sentences/3tok.txt,0.03239333746193374,3tok
0.57,0.19062913914395002,-0.6103947952270508,True,qwen3_32b,localization_introspective_prefilled_2_letters,data/sentences/3tok.txt,0.0349892378889731,3tok
0.59,0.19357022196987825,-0.5917942145211356,True,qwen3_32b,localization_introspective_prefilled_2_letters,data/sentences/3tok.txt,0.03204533891666884,3tok
0.61,0.19357022196987825,-0.5917942145211356,True,qwen3_32b,localization_introspective_prefilled_2_letters,data/sentences/3tok.txt,0.03287013542773087,3tok
0.63,0.19357022196987825,-0.5917942145211356,True,qwen3_32b,localization_introspective_prefilled_2_letters,data/sentences/3tok.txt,0.03442915972622799,3tok
0.65,0.19357022196987825,-0.5917942145211356,True,qwen3_32b,localization_introspective_prefilled_2_letters,data/sentences/3tok.txt,0.033889687586724976,3tok
0.67,0.19357022196987825,-0.5917942145211356,True,qwen3_32b,localization_introspective_prefilled_2_letters,data/sentences/3tok.txt,0.035320980841301204,3tok
0.69,0.19357022196987825,-0.5917942145211356,True,qwen3_32b,localization_introspective_prefilled_2_letters,data/sentences/3tok.txt,0.03557879060787674,3tok
0.71,0.19357022196987825,-0.5917942145211356,True,qwen3_32b,localization_introspective_prefilled_2_letters,data/sentences/3tok.txt,0.03523250149789594,3tok
0.73,0.19406756664080269,-0.5886488084793091,True,qwen3_32b,localization_introspective_prefilled_2_letters,data/sentences/3tok.txt,0.03547227557954889,3tok
0.75,0.19406756664080269,-0.5886488084793091,True,qwen3_32b,localization_introspective_prefilled_2_letters,data/sentences/3tok.txt,0.03590883248805436,3tok
0.77,0.196423638304094,-0.5737480716705322,True,qwen3_32b,localization_introspective_prefilled_2_letters,data/sentences/3tok.txt,0.03557412655535592,3tok
0.07,0.08960397220710951,-1.4478763408660889,True,qwen3_32b,localization_introspective_prefilled_2_letters,data/sentences/7tok.txt,0.055238226223348175,7tok
0.09,0.09853548977014868,-1.4099186573028564,True,qwen3_32b,localization_introspective_prefilled_2_letters,data/sentences/7tok.txt,0.05448379420078209,7tok
0.11,0.10672018585365008,-1.3593475894927978,True,qwen3_32b,localization_introspective_prefilled_2_letters,data/sentences/7tok.txt,0.05361351769497371,7tok
0.13,0.11380019179173716,-1.3054468727111816,True,qwen3_32b,localization_introspective_prefilled_2_letters,data/sentences/7tok.txt,0.0526110628419042,7tok
0.15,0.11681595313769547,-1.268893798828125,True,qwen3_32b,localization_introspective_prefilled_2_letters,data/sentences/7tok.txt,0.05186700305209258,7tok
0.17,0.1220531086537807,-1.2054159202575683,True,qwen3_32b,localization_introspective_prefilled_2_letters,data/sentences/7tok.txt,0.050511231304298014,7tok
0.19,0.12585395956067524,-1.1533578357696532,True,qwen3_32b,localization_introspective_prefilled_2_letters,data/sentences/7tok.txt,0.04949770550870645,7tok
0.21,0.12902080579121666,-1.0927630310058594,True,qwen3_32b,localization_introspective_prefilled_2_letters,data/sentences/7tok.txt,0.047825638091156975,7tok
0.23,0.13274073559738658,-1.0215854606628418,True,qwen3_32b,localization_introspective_prefilled_2_letters,data/sentences/7tok.txt,0.045788526813019856,7tok
0.25,0.135951760195148,-0.9601453418731689,True,qwen3_32b,localization_introspective_prefilled_2_letters,data/sentences/7tok.txt,0.04445830749967182,7tok
0.27,0.13990099245760726,-0.8813766880035401,True,qwen3_32b,localization_introspective_prefilled_2_letters,data/sentences/7tok.txt,0.04242400710348652,7tok
0.29,0.1436899359273569,-0.8038231105804443,True,qwen3_32b,localization_introspective_prefilled_2_letters,data/sentences/7tok.txt,0.04022511372949522,7tok
0.31,0.14840404908471044,-0.7073327980041504,True,qwen3_32b,localization_introspective_prefilled_2_letters,data/sentences/7tok.txt,0.037099874344201665,7tok
0.33,0.1531545052679676,-0.6221374454498291,True,qwen3_32b,localization_introspective_prefilled_2_letters,data/sentences/7tok.txt,0.0347468982611233,7tok
0.35,0.15508400792163424,-0.5900073776245117,True,qwen3_32b,localization_introspective_prefilled_2_letters,data/sentences/7tok.txt,0.0334461680490336,7tok
0.37,0.15915139067614748,-0.5222773418426514,True,qwen3_32b,localization_introspective_prefilled_2_letters,data/sentences/7tok.txt,0.031101409584799757,7tok
0.39,0.16358643818919633,-0.45350035667419436,True,qwen3_32b,localization_introspective_prefilled_2_letters,data/sentences/7tok.txt,0.028427791808961135,7tok
0.41,0.1672080912996592,-0.410111515045166,True,qwen3_32b,localization_introspective_prefilled_2_letters,data/sentences/7tok.txt,0.026567921058411936,7tok
0.43,0.1716551734515953,-0.3568337059020996,True,qwen3_32b,localization_introspective_prefilled_2_letters,data/sentences/7tok.txt,0.02448940800866142,7tok
0.45,0.17761001427016546,-0.2971496105194092,True,qwen3_32b,localization_introspective_prefilled_2_letters,data/sentences/7tok.txt,0.02153457771191602,7tok
0.47,0.1803600357042497,-0.2764858455657959,True,qwen3_32b,localization_introspective_prefilled_2_letters,data/sentences/7tok.txt,0.02041960525022578,7tok
0.49,0.18126666116751933,-0.2696734275817871,True,qwen3_32b,localization_introspective_prefilled_2_letters,data/sentences/7tok.txt,0.019674893360684165,7tok
0.51,0.18482707844415883,-0.24292031764984132,True,qwen3_32b,localization_introspective_prefilled_2_letters,data/sentences/7tok.txt,0.01832810742322147,7tok
0.53,0.18482707844415883,-0.24292031764984132,True,qwen3_32b,localization_introspective_prefilled_2_letters,data/sentences/7tok.txt,0.019291643401322587,7tok
0.55,0.18657152568116017,-0.22981247520446776,True,qwen3_32b,localization_introspective_prefilled_2_letters,data/sentences/7tok.txt,0.018366055276186906,7tok
0.57,0.19334237332855195,-0.19814040756225587,True,qwen3_32b,localization_introspective_prefilled_2_letters,data/sentences/7tok.txt,0.015378074969668946,7tok
0.59,0.19334237332855195,-0.19814040756225587,True,qwen3_32b,localization_introspective_prefilled_2_letters,data/sentences/7tok.txt,0.01648012919993997,7tok
0.61,0.19726699422777644,-0.1815511932373047,True,qwen3_32b,localization_introspective_prefilled_2_letters,data/sentences/7tok.txt,0.013955179721164859,7tok
0.63,0.19726699422777644,-0.1815511932373047,True,qwen3_32b,localization_introspective_prefilled_2_letters,data/sentences/7tok.txt,0.014643587296158849,7tok
0.65,0.19726699422777644,-0.1815511932373047,True,qwen3_32b,localization_introspective_prefilled_2_letters,data/sentences/7tok.txt,0.015171947098509423,7tok
0.67,0.2015072969756411,-0.16634815406799316,True,qwen3_32b,localization_introspective_prefilled_2_letters,data/sentences/7tok.txt,0.013771131940540818,7tok
0.05,0.07996194547105477,-1.4079678916931153,True,qwen3_32b,localization_minimal_prefilled_2_letters,data/sentences/11tok.txt,0.055524413549141644,11tok
0.07,0.09317476464300001,-1.3454701118469239,True,qwen3_32b,localization_minimal_prefilled_2_letters,data/sentences/11tok.txt,0.05465045427283713,11tok
0.09,0.102695412695026,-1.2815046043395997,True,qwen3_32b,localization_minimal_prefilled_2_letters,data/sentences/11tok.txt,0.053355555667318456,11tok
0.11,0.10927342858974332,-1.2166790084838868,True,qwen3_32b,localization_minimal_prefilled_2_letters,data/sentences/11tok.txt,0.05213551710864827,11tok
0.13,0.11448838943419451,-1.1568969955444337,True,qwen3_32b,localization_minimal_prefilled_2_letters,data/sentences/11tok.txt,0.05135554874084371,11tok
0.15,0.11916013374340705,-1.0911470375061034,True,qwen3_32b,localization_minimal_prefilled_2_letters,data/sentences/11tok.txt,0.05002417027599694,11tok
0.17,0.1252293111305629,-1.0042318572998048,True,qwen3_32b,localization_minimal_prefilled_2_letters,data/sentences/11tok.txt,0.048210069017619823,11tok
0.19,0.12939225560884138,-0.9184514656066894,True,qwen3_32b,localization_minimal_prefilled_2_letters,data/sentences/11tok.txt,0.04658581073977976,11tok
0.21,0.13299497833725607,-0.8442148361206054,True,qwen3_32b,localization_minimal_prefilled_2_letters,data/sentences/11tok.txt,0.04527974219034884,11tok
0.23,0.13715389498042255,-0.7585174407958984,True,qwen3_32b,localization_minimal_prefilled_2_letters,data/sentences/11tok.txt,0.04300282873246894,11tok
0.25,0.14048237909761382,-0.6859027671813965,True,qwen3_32b,localization_minimal_prefilled_2_letters,data/sentences/11tok.txt,0.041007799406447776,11tok
0.27,0.1443606233382483,-0.6007496681213379,True,qwen3_32b,localization_minimal_prefilled_2_letters,data/sentences/11tok.txt,0.03857932365085285,11tok
0.29,0.14723418460358453,-0.5376560020446778,True,qwen3_32b,localization_minimal_prefilled_2_letters,data/sentences/11tok.txt,0.036782250463772,11tok
0.31,0.15065786060338265,-0.4656676902770996,True,qwen3_32b,localization_minimal_prefilled_2_letters,data/sentences/11tok.txt,0.03455512399335753,11tok
0.33,0.15287376076856807,-0.4277388687133789,True,qwen3_32b,localization_minimal_prefilled_2_letters,data/sentences/11tok.txt,0.032885043829429375,11tok
0.35,0.15673745427466526,-0.3616053199768066,True,qwen3_32b,localization_minimal_prefilled_2_letters,data/sentences/11tok.txt,0.030283406704428945,11tok
0.37,0.15900283325870937,-0.32282958602905276,True,qwen3_32b,localization_minimal_prefilled_2_letters,data/sentences/11tok.txt,0.02880400016083737,11tok
0.39,0.16150318966363666,-0.28003182220458983,True,qwen3_32b,localization_minimal_prefilled_2_letters,data/sentences/11tok.txt,0.026139550806599604,11tok
0.41,0.1633163858321446,-0.255202672958374,True,qwen3_32b,localization_minimal_prefilled_2_letters,data/sentences/11tok.txt,0.02481508638142183,11tok
0.43,0.16748300070853903,-0.2155615730285645,True,qwen3_32b,localization_minimal_prefilled_2_letters,data/sentences/11tok.txt,0.0223216583930691,11tok
0.45,0.17005521850758243,-0.19108953857421876,True,qwen3_32b,localization_minimal_prefilled_2_letters,data/sentences/11tok.txt,0.02062830455310736,11tok
0.47,0.17132148983306758,-0.1790422556740897,True,qwen3_32b,localization_minimal_prefilled_2_letters,data/sentences/11tok.txt,0.018272640669639222,11tok
0.49,0.17132148983306758,-0.1790422556740897,True,qwen3_32b,localization_minimal_prefilled_2_letters,data/sentences/11tok.txt,0.017425035463926146,11tok
0.51,0.17132148983306758,-0.1790422556740897,True,qwen3_32b,localization_minimal_prefilled_2_letters,data/sentences/11tok.txt,0.016562832636964283,11tok
0.53,0.17132148983306758,-0.1790422556740897,True,qwen3_32b,localization_minimal_prefilled_2_letters,data/sentences/11tok.txt,0.01758879935804455,11tok
0.55,0.17132148983306758,-0.1790422556740897,True,qwen3_32b,localization_minimal_prefilled_2_letters,data/sentences/11tok.txt,0.01694272292054219,11tok
0.57,0.17132148983306758,-0.1790422556740897,True,qwen3_32b,localization_minimal_prefilled_2_letters,data/sentences/11tok.txt,0.017723454913343106,11tok
0.59,0.17132148983306758,-0.1790422556740897,True,qwen3_32b,localization_minimal_prefilled_2_letters,data/sentences/11tok.txt,0.016659480268142443,11tok
0.61,0.17132148983306758,-0.1790422556740897,True,qwen3_32b,localization_minimal_prefilled_2_letters,data/sentences/11tok.txt,0.017915042059041136,11tok
0.63,0.17132148983306758,-0.1790422556740897,True,qwen3_32b,localization_minimal_prefilled_2_letters,data/sentences/11tok.txt,0.017441969097691003,11tok
0.65,0.17132148983306758,-0.1790422556740897,True,qwen3_32b,localization_minimal_prefilled_2_letters,data/sentences/11tok.txt,0.017669470657947696,11tok
0.67,0.17132148983306758,-0.1790422556740897,True,qwen3_32b,localization_minimal_prefilled_2_letters,data/sentences/11tok.txt,0.017808484781238594,11tok
0.69,0.17132148983306758,-0.1790422556740897,True,qwen3_32b,localization_minimal_prefilled_2_letters,data/sentences/11tok.txt,0.01768090883377776,11tok
0.71,0.17132148983306758,-0.1790422556740897,True,qwen3_32b,localization_minimal_prefilled_2_letters,data/sentences/11tok.txt,0.019452610717736935,11tok
0.73,0.17132148983306758,-0.1790422556740897,True,qwen3_32b,localization_minimal_prefilled_2_letters,data/sentences/11tok.txt,0.019210546131936332,11tok
0.75,0.17132148983306758,-0.1790422556740897,True,qwen3_32b,localization_minimal_prefilled_2_letters,data/sentences/11tok.txt,0.020614342198513148,11tok
0.77,0.17132148983306758,-0.1790422556740897,True,qwen3_32b,localization_minimal_prefilled_2_letters,data/sentences/11tok.txt,0.019940183891875914,11tok
0.79,0.17132148983306758,-0.1790422556740897,True,qwen3_32b,localization_minimal_prefilled_2_letters,data/sentences/11tok.txt,0.02071223914263133,11tok
0.81,0.17132148983306758,-0.1790422556740897,True,qwen3_32b,localization_minimal_prefilled_2_letters,data/sentences/11tok.txt,0.020061547872590298,11tok
0.83,0.17132148983306758,-0.1790422556740897,True,qwen3_32b,localization_minimal_prefilled_2_letters,data/sentences/11tok.txt,0.020509065889734546,11tok
0.85,0.17132148983306758,-0.1790422556740897,True,qwen3_32b,localization_minimal_prefilled_2_letters,data/sentences/11tok.txt,0.0191718864147604,11tok
0.87,0.17132148983306758,-0.1790422556740897,True,qwen3_32b,localization_minimal_prefilled_2_letters,data/sentences/11tok.txt,0.020303215030149153,11tok
0.89,0.1723258777901832,-0.1694865264892578,True,qwen3_32b,localization_minimal_prefilled_2_letters,data/sentences/11tok.txt,0.018998862538301586,11tok
0.91,0.17318462372131221,-0.16131643295288087,True,qwen3_32b,localization_minimal_prefilled_2_letters,data/sentences/11tok.txt,0.020669079672501617,11tok
0.93,0.17626002183985626,-0.13910611534118653,True,qwen3_32b,localization_minimal_prefilled_2_letters,data/sentences/11tok.txt,0.0187846393499758,11tok
0.95,0.17655405183405817,-0.13795361709594728,True,qwen3_32b,localization_minimal_prefilled_2_letters,data/sentences/11tok.txt,0.019021819031078864,11tok
0.97,0.18205212723127442,-0.11640301895141601,True,qwen3_32b,localization_minimal_prefilled_2_letters,data/sentences/11tok.txt,0.0177133531550323,11tok
0.05,0.08681795582389404,-1.4243771381378174,True,qwen3_32b,localization_minimal_prefilled_2_letters,data/sentences/15tok.txt,0.05282677067267374,15tok
0.07,0.09650826595382833,-1.3641858196258545,True,qwen3_32b,localization_minimal_prefilled_2_letters,data/sentences/15tok.txt,0.05216619888928574,15tok
0.09,0.10466939643991227,-1.2878560237884522,True,qwen3_32b,localization_minimal_prefilled_2_letters,data/sentences/15tok.txt,0.05125669867404967,15tok
0.11,0.11187406303666092,-1.204291690826416,True,qwen3_32b,localization_minimal_prefilled_2_letters,data/sentences/15tok.txt,0.05009727526162523,15tok
0.13,0.11578531816907994,-1.132984987258911,True,qwen3_32b,localization_minimal_prefilled_2_letters,data/sentences/15tok.txt,0.0489663029282426,15tok
0.15,0.11955980714716227,-1.0594020042419434,True,qwen3_32b,localization_minimal_prefilled_2_letters,data/sentences/15tok.txt,0.047347476928354275,15tok
0.17,0.12417924939401814,-0.9693468093872071,True,qwen3_32b,localization_minimal_prefilled_2_letters,data/sentences/15tok.txt,0.04521086727156833,15tok
0.19,0.12751155193419725,-0.8879850540161133,True,qwen3_32b,localization_minimal_prefilled_2_letters,data/sentences/15tok.txt,0.04353630347153638,15tok
0.21,0.13049073596694008,-0.8104538879394532,True,qwen3_32b,localization_minimal_prefilled_2_letters,data/sentences/15tok.txt,0.04168686296483294,15tok
0.23,0.1347396785115678,-0.6998781509399414,True,qwen3_32b,localization_minimal_prefilled_2_letters,data/sentences/15tok.txt,0.03869867839686163,15tok
0.25,0.13752459724905686,-0.6275102615356445,True,qwen3_32b,localization_minimal_prefilled_2_letters,data/sentences/15tok.txt,0.037732536264371765,15tok
0.27,0.1412889845066178,-0.5460210037231445,True,qwen3_32b,localization_minimal_prefilled_2_letters,data/sentences/15tok.txt,0.03494722176021805,15tok
0.29,0.1446095389408729,-0.47413957977294924,True,qwen3_32b,localization_minimal_prefilled_2_letters,data/sentences/15tok.txt,0.0324515264421049,15tok
0.31,0.14777219434261052,-0.40567626190185546,True,qwen3_32b,localization_minimal_prefilled_2_letters,data/sentences/15tok.txt,0.03045181800991831,15tok
0.33,0.15142829300844415,-0.3375091209411621,True,qwen3_32b,localization_minimal_prefilled_2_letters,data/sentences/15tok.txt,0.027670697279912695,15tok
0.35,0.15542889276495456,-0.281655330657959,True,qwen3_32b,localization_minimal_prefilled_2_letters,data/sentences/15tok.txt,0.02481798881809549,15tok
0.37,0.15899368104230505,-0.23188605880737304,True,qwen3_32b,localization_minimal_prefilled_2_letters,data/sentences/15tok.txt,0.02198898785859834,15tok
0.39,0.1612100177490811,-0.20094299697875975,True,qwen3_32b,localization_minimal_prefilled_2_letters,data/sentences/15tok.txt,0.019680855021204976,15tok
0.41,0.16538888491532192,-0.16495541572570802,True,qwen3_32b,localization_minimal_prefilled_2_letters,data/sentences/15tok.txt,0.01715435598536364,15tok
0.43,0.16837969183637463,-0.14634346763292946,True,qwen3_32b,localization_minimal_prefilled_2_letters,data/sentences/15tok.txt,0.01571526398166979,15tok
0.45,0.16837969183637463,-0.14634346763292946,True,qwen3_32b,localization_minimal_prefilled_2_letters,data/sentences/15tok.txt,0.014293638497429872,15tok
0.47,0.16837969183637463,-0.14634346763292946,True,qwen3_32b,localization_minimal_prefilled_2_letters,data/sentences/15tok.txt,0.012476074562458913,15tok
0.49,0.16837969183637463,-0.14634346763292946,True,qwen3_32b,localization_minimal_prefilled_2_letters,data/sentences/15tok.txt,0.011173998135852625,15tok
0.51,0.16837969183637463,-0.14634346763292946,True,qwen3_32b,localization_minimal_prefilled_2_letters,data/sentences/15tok.txt,0.012718164385226922,15tok
0.53,0.16837969183637463,-0.14634346763292946,True,qwen3_32b,localization_minimal_prefilled_2_letters,data/sentences/15tok.txt,0.01231512208400288,15tok
0.55,0.16837969183637463,-0.14634346763292946,True,qwen3_32b,localization_minimal_prefilled_2_letters,data/sentences/15tok.txt,0.01285029314006149,15tok
0.57,0.16837969183637463,-0.14634346763292946,True,qwen3_32b,localization_minimal_prefilled_2_letters,data/sentences/15tok.txt,0.01239927688007057,15tok
0.59,0.16837969183637463,-0.14634346763292946,True,qwen3_32b,localization_minimal_prefilled_2_letters,data/sentences/15tok.txt,0.014397602285375174,15tok
0.61,0.16837969183637463,-0.14634346763292946,True,qwen3_32b,localization_minimal_prefilled_2_letters,data/sentences/15tok.txt,0.013911106928648052,15tok
0.63,0.16837969183637463,-0.14634346763292946,True,qwen3_32b,localization_minimal_prefilled_2_letters,data/sentences/15tok.txt,0.015130677935014755,15tok
0.65,0.16837969183637463,-0.14634346763292946,True,qwen3_32b,localization_minimal_prefilled_2_letters,data/sentences/15tok.txt,0.015149222206755058,15tok
0.67,0.16837969183637463,-0.14634346763292946,True,qwen3_32b,localization_minimal_prefilled_2_letters,data/sentences/15tok.txt,0.01539048820219979,15tok
0.69,0.16837969183637463,-0.14634346763292946,True,qwen3_32b,localization_minimal_prefilled_2_letters,data/sentences/15tok.txt,0.015509264281533108,15tok
0.71,0.16837969183637463,-0.14634346763292946,True,qwen3_32b,localization_minimal_prefilled_2_letters,data/sentences/15tok.txt,0.015652471578482288,15tok
0.73,0.16837969183637463,-0.14634346763292946,True,qwen3_32b,localization_minimal_prefilled_2_letters,data/sentences/15tok.txt,0.015654750068769957,15tok
0.75,0.16837969183637463,-0.14634346763292946,True,qwen3_32b,localization_minimal_prefilled_2_letters,data/sentences/15tok.txt,0.016306548794257456,15tok
0.77,0.16837969183637463,-0.14634346763292946,True,qwen3_32b,localization_minimal_prefilled_2_letters,data/sentences/15tok.txt,0.015949382411676476,15tok
0.79,0.16837969183637463,-0.14634346763292946,True,qwen3_32b,localization_minimal_prefilled_2_letters,data/sentences/15tok.txt,0.017558165284925282,15tok
0.81,0.16837969183637463,-0.14634346763292946,True,qwen3_32b,localization_minimal_prefilled_2_letters,data/sentences/15tok.txt,0.01733358661379622,15tok
0.83,0.16837969183637463,-0.14634346763292946,True,qwen3_32b,localization_minimal_prefilled_2_letters,data/sentences/15tok.txt,0.017830604894444123,15tok
0.85,0.16837969183637463,-0.14634346763292946,True,qwen3_32b,localization_minimal_prefilled_2_letters,data/sentences/15tok.txt,0.017494019278741314,15tok
0.87,0.16837969183637463,-0.14634346763292946,True,qwen3_32b,localization_minimal_prefilled_2_letters,data/sentences/15tok.txt,0.017697320003808383,15tok
0.89,0.16837969183637463,-0.14634346763292946,True,qwen3_32b,localization_minimal_prefilled_2_letters,data/sentences/15tok.txt,0.01741507235423985,15tok
0.91,0.17083723330690753,-0.13105005836486816,True,qwen3_32b,localization_minimal_prefilled_2_letters,data/sentences/15tok.txt,0.0168270962017763,15tok
0.93,0.17506482419925876,-0.10494291305541992,True,qwen3_32b,localization_minimal_prefilled_2_letters,data/sentences/15tok.txt,0.014736930751801708,15tok
0.95,0.17525678821154048,-0.10434464073181152,True,qwen3_32b,localization_minimal_prefilled_2_letters,data/sentences/15tok.txt,0.015234318421031661,15tok
0.97,0.18485595639665922,-0.07442800903320312,True,qwen3_32b,localization_minimal_prefilled_2_letters,data/sentences/15tok.txt,0.012941922082575372,15tok
0.05,0.08347922547422025,-1.3146923065185547,True,qwen3_32b,localization_minimal_prefilled_2_letters,data/sentences/19tok.txt,0.048395068729759246,19tok
0.07,0.09486114608425003,-1.2497509231567383,True,qwen3_32b,localization_minimal_prefilled_2_letters,data/sentences/19tok.txt,0.04714306094435368,19tok
0.09,0.10393071098961079,-1.175019027709961,True,qwen3_32b,localization_minimal_prefilled_2_letters,data/sentences/19tok.txt,0.046176419227890654,19tok
0.11,0.1102294206081854,-1.107980266571045,True,qwen3_32b,localization_minimal_prefilled_2_letters,data/sentences/19tok.txt,0.0448289253556589,19tok
0.13,0.11625159906983383,-1.0229334983825684,True,qwen3_32b,localization_minimal_prefilled_2_letters,data/sentences/19tok.txt,0.043626836213379365,19tok
0.15,0.12121120777644644,-0.9424496726989746,True,qwen3_32b,localization_minimal_prefilled_2_letters,data/sentences/19tok.txt,0.04173873218320407,19tok
0.17,0.12584216272011947,-0.8619066276550293,True,qwen3_32b,localization_minimal_prefilled_2_letters,data/sentences/19tok.txt,0.040502289258849196,19tok
0.19,0.12914312023806176,-0.787202350616455,True,qwen3_32b,localization_minimal_prefilled_2_letters,data/sentences/19tok.txt,0.038926644584180305,19tok
0.21,0.1326606922009819,-0.7075958518981934,True,qwen3_32b,localization_minimal_prefilled_2_letters,data/sentences/19tok.txt,0.03659958200498653,19tok
0.23,0.135415364091103,-0.6452546157836914,True,qwen3_32b,localization_minimal_prefilled_2_letters,data/sentences/19tok.txt,0.03506279396328991,19tok
0.25,0.13899199645261737,-0.5644621086120606,True,qwen3_32b,localization_minimal_prefilled_2_letters,data/sentences/19tok.txt,0.033074442760723556,19tok
0.27,0.1425946245813141,-0.4832943229675293,True,qwen3_32b,localization_minimal_prefilled_2_letters,data/sentences/19tok.txt,0.02999797074368168,19tok
0.29,0.1456660738401513,-0.4140940818786621,True,qwen3_32b,localization_minimal_prefilled_2_letters,data/sentences/19tok.txt,0.027504066769523734,19tok
0.31,0.148735803195711,-0.34493259048461916,True,qwen3_32b,localization_minimal_prefilled_2_letters,data/sentences/19tok.txt,0.025396505951488606,19tok
0.33,0.15168312139734644,-0.294799861907959,True,qwen3_32b,localization_minimal_prefilled_2_letters,data/sentences/19tok.txt,0.02310329129868695,19tok
0.35,0.15565824677980938,-0.2436673927307129,True,qwen3_32b,localization_minimal_prefilled_2_letters,data/sentences/19tok.txt,0.020523006490043523,19tok
0.37,0.15881890394870832,-0.2030115165710449,True,qwen3_32b,localization_minimal_prefilled_2_letters,data/sentences/19tok.txt,0.01757391134650021,19tok
0.39,0.16137891373427474,-0.1700818328857422,True,qwen3_32b,localization_minimal_prefilled_2_letters,data/sentences/19tok.txt,0.01574732886941644,19tok
0.41,0.16580491783042428,-0.1353117748896281,True,qwen3_32b,localization_minimal_prefilled_2_letters,data/sentences/19tok.txt,0.013175939549053309,19tok
0.43,0.16580491783042428,-0.1353117748896281,True,qwen3_32b,localization_minimal_prefilled_2_letters,data/sentences/19tok.txt,0.011469708890678424,19tok
0.45,0.16580491783042428,-0.1353117748896281,True,qwen3_32b,localization_minimal_prefilled_2_letters,data/sentences/19tok.txt,0.009405879134545827,19tok
0.47,0.16580491783042428,-0.1353117748896281,True,qwen3_32b,localization_minimal_prefilled_2_letters,data/sentences/19tok.txt,0.009310446219724598,19tok
0.49,0.16580491783042428,-0.1353117748896281,True,qwen3_32b,localization_minimal_prefilled_2_letters,data/sentences/19tok.txt,0.009341989984566272,19tok
0.51,0.16580491783042428,-0.1353117748896281,True,qwen3_32b,localization_minimal_prefilled_2_letters,data/sentences/19tok.txt,0.008029911942215593,19tok
0.53,0.16580491783042428,-0.1353117748896281,True,qwen3_32b,localization_minimal_prefilled_2_letters,data/sentences/19tok.txt,0.008526221587228332,19tok
0.55,0.16580491783042428,-0.1353117748896281,True,qwen3_32b,localization_minimal_prefilled_2_letters,data/sentences/19tok.txt,0.009023206242682493,19tok
0.57,0.16580491783042428,-0.1353117748896281,True,qwen3_32b,localization_minimal_prefilled_2_letters,data/sentences/19tok.txt,0.010039292216816965,19tok
0.59,0.16580491783042428,-0.1353117748896281,True,qwen3_32b,localization_minimal_prefilled_2_letters,data/sentences/19tok.txt,0.010593954954039782,19tok
0.61,0.16580491783042428,-0.1353117748896281,True,qwen3_32b,localization_minimal_prefilled_2_letters,data/sentences/19tok.txt,0.010777408425811465,19tok
0.63,0.16580491783042428,-0.1353117748896281,True,qwen3_32b,localization_minimal_prefilled_2_letters,data/sentences/19tok.txt,0.011076895386282109,19tok
0.65,0.16580491783042428,-0.1353117748896281,True,qwen3_32b,localization_minimal_prefilled_2_letters,data/sentences/19tok.txt,0.011705107434283336,19tok
0.67,0.16580491783042428,-0.1353117748896281,True,qwen3_32b,localization_minimal_prefilled_2_letters,data/sentences/19tok.txt,0.01122175160186885,19tok
0.69,0.16580491783042428,-0.1353117748896281,True,qwen3_32b,localization_minimal_prefilled_2_letters,data/sentences/19tok.txt,0.012565526919105821,19tok
0.71,0.16580491783042428,-0.1353117748896281,True,qwen3_32b,localization_minimal_prefilled_2_letters,data/sentences/19tok.txt,0.012970940697259827,19tok
0.73,0.16580491783042428,-0.1353117748896281,True,qwen3_32b,localization_minimal_prefilled_2_letters,data/sentences/19tok.txt,0.014104687012709928,19tok
0.75,0.16580491783042428,-0.1353117748896281,True,qwen3_32b,localization_minimal_prefilled_2_letters,data/sentences/19tok.txt,0.013803906661095112,19tok
0.77,0.16580491783042428,-0.1353117748896281,True,qwen3_32b,localization_minimal_prefilled_2_letters,data/sentences/19tok.txt,0.013967560979660221,19tok
0.79,0.16580491783042428,-0.1353117748896281,True,qwen3_32b,localization_minimal_prefilled_2_letters,data/sentences/19tok.txt,0.014946923445701166,19tok
0.81,0.16580491783042428,-0.1353117748896281,True,qwen3_32b,localization_minimal_prefilled_2_letters,data/sentences/19tok.txt,0.014121222418391312,19tok
0.83,0.16580491783042428,-0.1353117748896281,True,qwen3_32b,localization_minimal_prefilled_2_letters,data/sentences/19tok.txt,0.014875025862186,19tok
0.85,0.16580491783042428,-0.1353117748896281,True,qwen3_32b,localization_minimal_prefilled_2_letters,data/sentences/19tok.txt,0.014176681227204588,19tok
0.87,0.16580491783042428,-0.1353117748896281,True,qwen3_32b,localization_minimal_prefilled_2_letters,data/sentences/19tok.txt,0.013077688824449976,19tok
0.89,0.16686914583111692,-0.1287589931488037,True,qwen3_32b,localization_minimal_prefilled_2_letters,data/sentences/19tok.txt,0.012857534307562106,19tok
0.91,0.16708632945771676,-0.12742172622680664,True,qwen3_32b,localization_minimal_prefilled_2_letters,data/sentences/19tok.txt,0.012907680781401231,19tok
0.93,0.17131351956544402,-0.10139360618591309,True,qwen3_32b,localization_minimal_prefilled_2_letters,data/sentences/19tok.txt,0.011557709745732676,19tok
0.95,0.17385096937003752,-0.08576974105834961,True,qwen3_32b,localization_minimal_prefilled_2_letters,data/sentences/19tok.txt,0.010778501478186788,19tok
0.97,0.18671875612286376,-0.05336918830871582,True,qwen3_32b,localization_minimal_prefilled_2_letters,data/sentences/19tok.txt,0.008111395033049008,19tok
0.05,0.08930748013035067,-1.3340044288635253,True,qwen3_32b,localization_minimal_prefilled_2_letters,data/sentences/23tok.txt,0.050406269388216074,23tok
0.07,0.09974163555995165,-1.2719368705749512,True,qwen3_32b,localization_minimal_prefilled_2_letters,data/sentences/23tok.txt,0.04925322581039637,23tok
0.09,0.10613984437210064,-1.2100975914001464,True,qwen3_32b,localization_minimal_prefilled_2_letters,data/sentences/23tok.txt,0.04839813443062172,23tok
0.11,0.11211139361664545,-1.1514481010437012,True,qwen3_32b,localization_minimal_prefilled_2_letters,data/sentences/23tok.txt,0.0474758700969305,23tok
0.13,0.11628583644320419,-1.0834045906066894,True,qwen3_32b,localization_minimal_prefilled_2_letters,data/sentences/23tok.txt,0.04611793123822475,23tok
0.15,0.12140633764626761,-0.9965351486206054,True,qwen3_32b,localization_minimal_prefilled_2_letters,data/sentences/23tok.txt,0.0443841907417264,23tok
0.17,0.1255024773286422,-0.9237079048156738,True,qwen3_32b,localization_minimal_prefilled_2_letters,data/sentences/23tok.txt,0.043223677696123536,23tok
0.19,0.12873256765827343,-0.8474636344909668,True,qwen3_32b,localization_minimal_prefilled_2_letters,data/sentences/23tok.txt,0.041845262648206094,23tok
0.21,0.13192118311052026,-0.7721983528137207,True,qwen3_32b,localization_minimal_prefilled_2_letters,data/sentences/23tok.txt,0.04011727747599156,23tok
0.23,0.136321656999409,-0.6683279075622559,True,qwen3_32b,localization_minimal_prefilled_2_letters,data/sentences/23tok.txt,0.037314371891623295,23tok
0.25,0.139679144355188,-0.5946284599304199,True,qwen3_32b,localization_minimal_prefilled_2_letters,data/sentences/23tok.txt,0.03558809724182797,23tok
0.27,0.14370430974584983,-0.5098721179962158,True,qwen3_32b,localization_minimal_prefilled_2_letters,data/sentences/23tok.txt,0.03251538341159861,23tok
0.29,0.14739203785200342,-0.43222106170654295,True,qwen3_32b,localization_minimal_prefilled_2_letters,data/sentences/23tok.txt,0.029674241583131485,23tok
0.31,0.1493086052783066,-0.3918646469116211,True,qwen3_32b,localization_minimal_prefilled_2_letters,data/sentences/23tok.txt,0.02824011069417374,23tok
0.33,0.15220267659890283,-0.3468672828674316,True,qwen3_32b,localization_minimal_prefilled_2_letters,data/sentences/23tok.txt,0.026170256821633174,23tok
0.35,0.15674397717987795,-0.2841107482910156,True,qwen3_32b,localization_minimal_prefilled_2_letters,data/sentences/23tok.txt,0.023045838501682445,23tok
0.37,0.16152947545727397,-0.21797962951660158,True,qwen3_32b,localization_minimal_prefilled_2_letters,data/sentences/23tok.txt,0.019225664446412334,23tok
0.39,0.1651749496428761,-0.1850910015106201,True,qwen3_32b,localization_minimal_prefilled_2_letters,data/sentences/23tok.txt,0.01642262586098366,23tok
0.41,0.17181941255757188,-0.13671123504638671,True,qwen3_32b,localization_minimal_prefilled_2_letters,data/sentences/23tok.txt,0.014352626207360596,23tok
0.43,0.17436438918429695,-0.11818071174621582,True,qwen3_32b,localization_minimal_prefilled_2_letters,data/sentences/23tok.txt,0.013475379249730263,23tok
0.45,0.1801285844938398,-0.0924829216003418,True,qwen3_32b,localization_minimal_prefilled_2_letters,data/sentences/23tok.txt,0.011054706339281711,23tok
0.47,0.18086591007988215,-0.08945376586914063,True,qwen3_32b,localization_minimal_prefilled_2_letters,data/sentences/23tok.txt,0.010442430698274479,23tok
0.49,0.1809212014902301,-0.08922661209106446,True,qwen3_32b,localization_minimal_prefilled_2_letters,data/sentences/23tok.txt,0.01097335121596172,23tok
0.05,0.08401912225535806,-1.5739290084838866,True,qwen3_32b,localization_minimal_prefilled_2_letters,data/sentences/3tok.txt,0.05863387221695307,3tok
0.07,0.09383465774403883,-1.540342176437378,True,qwen3_32b,localization_minimal_prefilled_2_letters,data/sentences/3tok.txt,0.057739239935777675,3tok
0.09,0.10218697096887937,-1.5071572608947754,True,qwen3_32b,localization_minimal_prefilled_2_letters,data/sentences/3tok.txt,0.05676445197221085,3tok
0.11,0.10972204779423764,-1.4718555202484132,True,qwen3_32b,localization_minimal_prefilled_2_letters,data/sentences/3tok.txt,0.05595062366241022,3tok
0.13,0.11617993262174577,-1.4336454391479492,True,qwen3_32b,localization_minimal_prefilled_2_letters,data/sentences/3tok.txt,0.0553805260544458,3tok
0.15,0.12353422182607036,-1.383292797088623,True,qwen3_32b,localization_minimal_prefilled_2_letters,data/sentences/3tok.txt,0.0540117894332051,3tok
0.17,0.12840840509390947,-1.3405967063903808,True,qwen3_32b,localization_minimal_prefilled_2_letters,data/sentences/3tok.txt,0.0528412790854137,3tok
0.19,0.1327432366046814,-1.2990590744018555,True,qwen3_32b,localization_minimal_prefilled_2_letters,data/sentences/3tok.txt,0.05218654397827615,3tok
0.21,0.13560193790379632,-1.2716661567687988,True,qwen3_32b,localization_minimal_prefilled_2_letters,data/sentences/3tok.txt,0.051337858910690475,3tok
0.23,0.1404038872067454,-1.2173679924011231,True,qwen3_32b,localization_minimal_prefilled_2_letters,data/sentences/3tok.txt,0.0498655172567418,3tok
0.25,0.1445919014423765,-1.1652892608642578,True,qwen3_32b,localization_minimal_prefilled_2_letters,data/sentences/3tok.txt,0.04872559711801635,3tok
0.27,0.14894473238359426,-1.111161003112793,True,qwen3_32b,localization_minimal_prefilled_2_letters,data/sentences/3tok.txt,0.04693808738661984,3tok
0.29,0.15171430663054275,-1.0744322509765625,True,qwen3_32b,localization_minimal_prefilled_2_letters,data/sentences/3tok.txt,0.04568592916753838,3tok
0.31,0.15640952142467265,-1.0097783164978027,True,qwen3_32b,localization_minimal_prefilled_2_letters,data/sentences/3tok.txt,0.043716723400507286,3tok
0.33,0.15940397505320728,-0.9685441627502441,True,qwen3_32b,localization_minimal_prefilled_2_letters,data/sentences/3tok.txt,0.04221898656009728,3tok
0.35,0.16271976627409018,-0.9231586265563965,True,qwen3_32b,localization_minimal_prefilled_2_letters,data/sentences/3tok.txt,0.04079476670049039,3tok
0.37,0.16531901499918503,-0.890601203918457,True,qwen3_32b,localization_minimal_prefilled_2_letters,data/sentences/3tok.txt,0.04047992433696583,3tok
0.39,0.16858772444994094,-0.8496583137512207,True,qwen3_32b,localization_minimal_prefilled_2_letters,data/sentences/3tok.txt,0.038869769861532975,3tok
0.41,0.1712080309461281,-0.8168371276855468,True,qwen3_32b,localization_minimal_prefilled_2_letters,data/sentences/3tok.txt,0.03727697811096472,3tok
0.43,0.17503424497092787,-0.7690058784484863,True,qwen3_32b,localization_minimal_prefilled_2_letters,data/sentences/3tok.txt,0.036752690956610476,3tok
0.45,0.17953003119643005,-0.7251358337402344,True,qwen3_32b,localization_minimal_prefilled_2_letters,data/sentences/3tok.txt,0.03564360433578465,3tok
0.47,0.18017815477108412,-0.7188114204406738,True,qwen3_32b,localization_minimal_prefilled_2_letters,data/sentences/3tok.txt,0.03491984130012067,3tok
0.49,0.18350297342781965,-0.6863677196502685,True,qwen3_32b,localization_minimal_prefilled_2_letters,data/sentences/3tok.txt,0.034078769571375137,3tok
0.51,0.1845643021836688,-0.6760112352371216,True,qwen3_32b,localization_minimal_prefilled_2_letters,data/sentences/3tok.txt,0.034021997689444784,3tok
0.53,0.1845643021836688,-0.6760112352371216,True,qwen3_32b,localization_minimal_prefilled_2_letters,data/sentences/3tok.txt,0.03446402975416922,3tok
0.55,0.18608001098853913,-0.6612208938598633,True,qwen3_32b,localization_minimal_prefilled_2_letters,data/sentences/3tok.txt,0.034147536978303396,3tok
0.57,0.18803339877092334,-0.6436495742797852,True,qwen3_32b,localization_minimal_prefilled_2_letters,data/sentences/3tok.txt,0.03380979000389562,3tok
0.59,0.18829130246531955,-0.6418533267974853,True,qwen3_32b,localization_minimal_prefilled_2_letters,data/sentences/3tok.txt,0.03396924423954135,3tok
0.61,0.18829130246531955,-0.6418533267974853,True,qwen3_32b,localization_minimal_prefilled_2_letters,data/sentences/3tok.txt,0.03438377227728761,3tok
0.63,0.19284273355859738,-0.610153522491455,True,qwen3_32b,localization_minimal_prefilled_2_letters,data/sentences/3tok.txt,0.03314244468782642,3tok
0.65,0.19777218410871722,-0.5758208885192871,True,qwen3_32b,localization_minimal_prefilled_2_letters,data/sentences/3tok.txt,0.03265167961289588,3tok
0.67,0.19994986417752902,-0.5606537837982177,True,qwen3_32b,localization_minimal_prefilled_2_letters,data/sentences/3tok.txt,0.03291167134292194,3tok
0.69,0.2014705021905783,-0.5524382848739624,True,qwen3_32b,localization_minimal_prefilled_2_letters,data/sentences/3tok.txt,0.032207152440604674,3tok
0.71,0.2014705021905783,-0.5524382848739624,True,qwen3_32b,localization_minimal_prefilled_2_letters,data/sentences/3tok.txt,0.03286948266932238,3tok
0.73,0.20686291772579654,-0.5235920658111572,True,qwen3_32b,localization_minimal_prefilled_2_letters,data/sentences/3tok.txt,0.03183457017109468,3tok
0.75,0.20686291772579654,-0.5235920658111572,True,qwen3_32b,localization_minimal_prefilled_2_letters,data/sentences/3tok.txt,0.03169755657710591,3tok
0.77,0.20686291772579654,-0.5235920658111572,True,qwen3_32b,localization_minimal_prefilled_2_letters,data/sentences/3tok.txt,0.032238133055927286,3tok
0.79,0.20686291772579654,-0.5235920658111572,True,qwen3_32b,localization_minimal_prefilled_2_letters,data/sentences/3tok.txt,0.03268014303402265,3tok
0.81,0.20686291772579654,-0.5235920658111572,True,qwen3_32b,localization_minimal_prefilled_2_letters,data/sentences/3tok.txt,0.03305856591509534,3tok
0.83,0.20686291772579654,-0.5235920658111572,True,qwen3_32b,localization_minimal_prefilled_2_letters,data/sentences/3tok.txt,0.03354179078338255,3tok
0.85,0.21224927274523783,-0.49477826690673826,True,qwen3_32b,localization_minimal_prefilled_2_letters,data/sentences/3tok.txt,0.03188686452789508,3tok
0.05,0.09190391369186289,-1.7271316413879394,True,qwen3_32b,localization_minimal_prefilled_2_letters,data/sentences/7tok.txt,0.06460411024947285,7tok
0.07,0.10158460465149884,-1.679024616241455,True,qwen3_32b,localization_minimal_prefilled_2_letters,data/sentences/7tok.txt,0.06396097980614501,7tok
0.09,0.1075935012337277,-1.6338435783386231,True,qwen3_32b,localization_minimal_prefilled_2_letters,data/sentences/7tok.txt,0.0631657245776516,7tok
0.11,0.11475112074291241,-1.5664610404968262,True,qwen3_32b,localization_minimal_prefilled_2_letters,data/sentences/7tok.txt,0.062076155189842386,7tok
0.13,0.118084211809173,-1.5213157653808593,True,qwen3_32b,localization_minimal_prefilled_2_letters,data/sentences/7tok.txt,0.0611153586397149,7tok
0.15,0.12203849401289964,-1.4677567253112793,True,qwen3_32b,localization_minimal_prefilled_2_letters,data/sentences/7tok.txt,0.060055903300543466,7tok
0.17,0.12674115626100022,-1.3879668464660644,True,qwen3_32b,localization_minimal_prefilled_2_letters,data/sentences/7tok.txt,0.058735104440700014,7tok
0.19,0.13013709173980384,-1.3105800857543946,True,qwen3_32b,localization_minimal_prefilled_2_letters,data/sentences/7tok.txt,0.05699672046718996,7tok
0.21,0.13382093674601403,-1.2266324272155762,True,qwen3_32b,localization_minimal_prefilled_2_letters,data/sentences/7tok.txt,0.055005562296989344,7tok
0.23,0.13782691953565954,-1.134358097076416,True,qwen3_32b,localization_minimal_prefilled_2_letters,data/sentences/7tok.txt,0.05295854529070768,7tok
0.25,0.14191472933242394,-1.0288786697387695,True,qwen3_32b,localization_minimal_prefilled_2_letters,data/sentences/7tok.txt,0.05082107007167489,7tok
0.27,0.14540742074668067,-0.9387553253173828,True,qwen3_32b,localization_minimal_prefilled_2_letters,data/sentences/7tok.txt,0.04814242838207852,7tok
0.29,0.14947029104128187,-0.8339194221496582,True,qwen3_32b,localization_minimal_prefilled_2_letters,data/sentences/7tok.txt,0.045387827198377174,7tok
0.31,0.15330304797864922,-0.7540179557800293,True,qwen3_32b,localization_minimal_prefilled_2_letters,data/sentences/7tok.txt,0.04312960534727683,7tok
0.33,0.15670434010284912,-0.6858147811889649,True,qwen3_32b,localization_minimal_prefilled_2_letters,data/sentences/7tok.txt,0.041018050628968995,7tok
0.35,0.16034237888302696,-0.612864330291748,True,qwen3_32b,localization_minimal_prefilled_2_letters,data/sentences/7tok.txt,0.038409831507196845,7tok
0.37,0.16495092211120618,-0.5280580749511719,True,qwen3_32b,localization_minimal_prefilled_2_letters,data/sentences/7tok.txt,0.03495085835914206,7tok
0.39,0.16773707342860636,-0.48083484268188476,True,qwen3_32b,localization_minimal_prefilled_2_letters,data/sentences/7tok.txt,0.033354657850693865,7tok
0.41,0.1708754910784502,-0.4276409530639648,True,qwen3_32b,localization_minimal_prefilled_2_letters,data/sentences/7tok.txt,0.03031874772790817,7tok
0.43,0.1735140331400413,-0.3829195899963379,True,qwen3_32b,localization_minimal_prefilled_2_letters,data/sentences/7tok.txt,0.028627931693369985,7tok
0.45,0.17794662526545385,-0.33177938652038574,True,qwen3_32b,localization_minimal_prefilled_2_letters,data/sentences/7tok.txt,0.02586940884030173,7tok
0.47,0.17794662526545385,-0.33177938652038574,True,qwen3_32b,localization_minimal_prefilled_2_letters,data/sentences/7tok.txt,0.02541831139767118,7tok
0.49,0.18130349722973094,-0.3022117462158203,True,qwen3_32b,localization_minimal_prefilled_2_letters,data/sentences/7tok.txt,0.024354664160327184,7tok
0.51,0.1814701695467789,-0.3007436809539795,True,qwen3_32b,localization_minimal_prefilled_2_letters,data/sentences/7tok.txt,0.02292536156734159,7tok
0.53,0.18296575384796596,-0.2875704354047775,True,qwen3_32b,localization_minimal_prefilled_2_letters,data/sentences/7tok.txt,0.022425620514631293,7tok
0.55,0.18296575384796596,-0.2875704354047775,True,qwen3_32b,localization_minimal_prefilled_2_letters,data/sentences/7tok.txt,0.02191292612643824,7tok
0.57,0.18296575384796596,-0.2875704354047775,True,qwen3_32b,localization_minimal_prefilled_2_letters,data/sentences/7tok.txt,0.022627851662199102,7tok
0.59,0.18296575384796596,-0.2875704354047775,True,qwen3_32b,localization_minimal_prefilled_2_letters,data/sentences/7tok.txt,0.02320263563335429,7tok
0.61,0.18296575384796596,-0.2875704354047775,True,qwen3_32b,localization_minimal_prefilled_2_letters,data/sentences/7tok.txt,0.02254270173414919,7tok
0.63,0.18296575384796596,-0.2875704354047775,True,qwen3_32b,localization_minimal_prefilled_2_letters,data/sentences/7tok.txt,0.023089843190875054,7tok
0.65,0.18296575384796596,-0.2875704354047775,True,qwen3_32b,localization_minimal_prefilled_2_letters,data/sentences/7tok.txt,0.022998332921067073,7tok
0.67,0.18296575384796596,-0.2875704354047775,True,qwen3_32b,localization_minimal_prefilled_2_letters,data/sentences/7tok.txt,0.022408770462621564,7tok
0.69,0.18296575384796596,-0.2875704354047775,True,qwen3_32b,localization_minimal_prefilled_2_letters,data/sentences/7tok.txt,0.022149768442426703,7tok
0.71,0.18296575384796596,-0.2875704354047775,True,qwen3_32b,localization_minimal_prefilled_2_letters,data/sentences/7tok.txt,0.0235778251937438,7tok
0.73,0.18296575384796596,-0.2875704354047775,True,qwen3_32b,localization_minimal_prefilled_2_letters,data/sentences/7tok.txt,0.02442937047038164,7tok
0.75,0.18296575384796596,-0.2875704354047775,True,qwen3_32b,localization_minimal_prefilled_2_letters,data/sentences/7tok.txt,0.024231274869001302,7tok
0.77,0.18296575384796596,-0.2875704354047775,True,qwen3_32b,localization_minimal_prefilled_2_letters,data/sentences/7tok.txt,0.023243923530346638,7tok
0.79,0.18296575384796596,-0.2875704354047775,True,qwen3_32b,localization_minimal_prefilled_2_letters,data/sentences/7tok.txt,0.024316411172748336,7tok
0.81,0.18296575384796596,-0.2875704354047775,True,qwen3_32b,localization_minimal_prefilled_2_letters,data/sentences/7tok.txt,0.023831584203113883,7tok
0.83,0.18296575384796596,-0.2875704354047775,True,qwen3_32b,localization_minimal_prefilled_2_letters,data/sentences/7tok.txt,0.024526090446495927,7tok
0.85,0.18421023136628115,-0.27660896174112953,True,qwen3_32b,localization_minimal_prefilled_2_letters,data/sentences/7tok.txt,0.022332614719072434,7tok
0.87,0.18421023136628115,-0.27660896174112953,True,qwen3_32b,localization_minimal_prefilled_2_letters,data/sentences/7tok.txt,0.02527693821689915,7tok
0.89,0.18421023136628115,-0.27660896174112953,True,qwen3_32b,localization_minimal_prefilled_2_letters,data/sentences/7tok.txt,0.02486126092055956,7tok
0.91,0.18631098228145523,-0.2581053524017334,True,qwen3_32b,localization_minimal_prefilled_2_letters,data/sentences/7tok.txt,0.023668218580081984,7tok
0.93,0.18659539380512868,-0.25560022926330567,True,qwen3_32b,localization_minimal_prefilled_2_letters,data/sentences/7tok.txt,0.023570609526481084,7tok
0.95,0.191540250717193,-0.23080156326293946,True,qwen3_32b,localization_minimal_prefilled_2_letters,data/sentences/7tok.txt,0.022561603657528885,7tok
0.97,0.20071293779944682,-0.19361089706420898,True,qwen3_32b,localization_minimal_prefilled_2_letters,data/sentences/7tok.txt,0.020707280352299722,7tok
